{"schemaVersion":"1.0","appDefinitionTemplate":{"id":"/providers/Microsoft.PowerApps/apps/","type":"Microsoft.PowerApps/apps","tags":{"primaryDeviceWidth":"1366","primaryDeviceHeight":"768","supportsPortrait":"true","supportsLandscape":"true","primaryFormFactor":"Tablet","showStatusBar":"false","publisherVersion":"3.25082.8","minimumRequiredApiVersion":"2.2.0","hasComponent":"true","hasUnlockedComponent":"true","isUnifiedRootApp":"false","sienaVersion":"20250829T182840Z-3.25082.8.0","coauthoringEnabled":"true","multipleWritersEnabled":"true","acceptedCoauthoringTerms":"true"},"properties":{"appVersion":"2025-08-29T18:28:40Z","lifeCycleId":"Published","createdByClientVersion":{"major":3,"minor":25082,"build":8,"revision":0,"majorRevision":0,"minorRevision":0},"minClientVersion":{"major":3,"minor":25082,"build":8,"revision":0,"majorRevision":0,"minorRevision":0},"backgroundColor":"RGBA(0,176,240,1)","backgroundImageUri":"/13891650834904999619/Nd85180b4-46d0-4eae-aa41-a601272e1a0e-logoSmallFile","displayName":"VA AI Assistant v1_4","description":"Assists AI Novices with performing VA-centric tasks by providing customizable AI prompts for use in VA GPT, MS Copilot, or Chatcopilot.","commitMessage":"","appUris":{"documentUri":{"value":"/13891650834904999619/N32d91a5e-33ee-4274-aa49-aea30eb05cd9-document.msapp"},"imageUris":[],"additionalUris":[{"isSolutionAware":false,"value":"/13891650834904999619/N5d5dc633-f584-45c9-8aa5-32594159912e-identity.json"}]},"createdTime":"0001-01-01T00:00:00Z","lastModifiedTime":"0001-01-01T00:00:00Z","sharedGroupsCount":0,"sharedUsersCount":0,"connectionReferences":{"98c24219-39e8-448a-ab73-57ad88b48b49":{"id":"b7a19980-d1d5-4e59-958e-7a830009aab3","displayName":"SharePoint","iconUri":"https://conn-afd-prod-endpoint-bmc9bqahasf3grgk.b01.azurefd.net/releases/v1.0.1732/1.0.1732.4070/sharepointonline/icon.png","dataSources":["AI_Assistant_Categories","AI_Assistant_Tasks","AI_Assistant_Divisions","AI_Assistant_UserTasks","AI_Assistant_UserFavorites"],"dependencies":[],"dependents":[],"parameterHints":{},"parameterHintsV2":{},"isOnPremiseConnection":false,"bypassConsent":false,"dataSets":{"https://dvagov.sharepoint.com/sites/vhatvhco":{"dataSources":{"AI_Assistant_Categories":{"tableName":"e3043e1f-3104-4c4d-9c5c-347c95b26713"},"AI_Assistant_Tasks":{"tableName":"38217367-0787-4f98-92ee-ea2887b38a54"},"AI_Assistant_Divisions":{"tableName":"0108abd2-b272-4980-8daf-4b153c485501"},"AI_Assistant_UserTasks":{"tableName":"5f54f55a-0ca7-41fd-8f6c-ebe9433bd8f8"},"AI_Assistant_UserFavorites":{"tableName":"4d8c3d03-e1c5-40d7-8052-2c675bc40a39"}}}},"apiTier":"Standard","isCustomApiConnection":false,"actions":["providers/PowerPlatform.Governance/Operations/Read","providers/PowerPlatform.Governance/Operations/Write"]},"9310da1e-62a6-4fcf-bd66-46e1495b0f96":{"id":"791b1887-0bbf-4c9a-93c9-c5facca2d2ba","displayName":"Office 365 Users","iconUri":"https://connectorsiconsfairfax.z5.web.core.usgovcloudapi.net/v1.0.1767/1.0.1767.4341/office365users/icon.png","dataSources":["Office365Users"],"dependencies":[],"dependents":[],"parameterHints":{},"parameterHintsV2":{},"isOnPremiseConnection":false,"bypassConsent":false,"dataSets":{},"apiTier":"Standard","isCustomApiConnection":false}},"databaseReferences":{},"almMode":"Environment","performanceOptimizationEnabled":true,"canConsumeAppPass":true,"enableModernRuntimeMode":false,"executionRestrictions":{"isTeamsOnly":false,"dataLossPreventionEvaluationResult":{"status":"Compliant","lastEvaluationDate":"2025-08-29T16:40:33.0344371Z","violations":[],"violationsByPolicy":[],"violationErrorMessage":"The app uses the following connectors: shared_sharepointonline, shared_office365users."}}},"isAppComponentLibrary":false,"appType":"ClassicCanvasApp","appComponents":[]}}