{
  "TopParent": {
    "Type": "ControlInfo",
    "Name": "TaskInputField",
    "Template": {
      "Id": "http://microsoft.com/appmagic/Component",
      "Version": "1.0",
      "LastModifiedTimestamp": "638920824483644983",
      "Name": "e8b26d673ec24f3d93ec5f143295bdec",
      "FirstParty": true,
      "IsPremiumPcfControl": false,
      "IsCustomGroupControlTemplate": false,
      "CustomGroupControlTemplateName": "",
      "IsComponentDefinition": true,
      "CustomProperties": [
        {
          "Name": "FieldType",
          "Category": 0,
          "Type": "{\"Version\":\"1.346\",\"Type\":{\"Name\":\"Root\",\"Kind\":\"String\",\"EnumString\":\"\",\"Type\":[]}}",
          "PropertyDataTypeKey": "String",
          "Hidden": false,
          "DisplayName": "Field Type",
          "Tooltip": "A custom property"
        },
        {
          "Name": "LabelText",
          "Category": 0,
          "Type": "{\"Version\":\"1.346\",\"Type\":{\"Name\":\"Root\",\"Kind\":\"String\",\"EnumString\":\"\",\"Type\":[]}}",
          "PropertyDataTypeKey": "String",
          "Hidden": false,
          "DisplayName": "Label Text",
          "Tooltip": "Text to display as the field label"
        },
        {
          "Name": "PlaceholderText",
          "Category": 0,
          "Type": "{\"Version\":\"1.346\",\"Type\":{\"Name\":\"Root\",\"Kind\":\"String\",\"EnumString\":\"\",\"Type\":[]}}",
          "PropertyDataTypeKey": "String",
          "Hidden": false,
          "DisplayName": "Placeholder Text",
          "Tooltip": "Hint text for the input field"
        },
        {
          "Name": "IsRequired",
          "Category": 0,
          "Type": "{\"Version\":\"1.346\",\"Type\":{\"Name\":\"Root\",\"Kind\":\"Boolean\",\"EnumString\":\"\",\"Type\":[]}}",
          "PropertyDataTypeKey": "Boolean",
          "Hidden": false,
          "DisplayName": "Is Required",
          "Tooltip": "Whether the field is required (shows asterisk)"
        },
        {
          "Name": "DefaultValue",
          "Category": 0,
          "Type": "{\"Version\":\"1.346\",\"Type\":{\"Name\":\"Root\",\"Kind\":\"String\",\"EnumString\":\"\",\"Type\":[]}}",
          "PropertyDataTypeKey": "String",
          "Hidden": false,
          "DisplayName": "Default Value",
          "Tooltip": "Default value for the input field"
        },
        {
          "Name": "Items",
          "Category": 0,
          "Type": "{\"Version\":\"1.346\",\"Type\":{\"Name\":\"Root\",\"Kind\":\"Table\",\"EnumString\":\"\",\"Type\":[{\"Name\":\"Value\",\"Kind\":\"String\",\"EnumString\":\"\",\"Type\":[]}]}}",
          "PropertyDataTypeKey": "Table",
          "Hidden": false,
          "DisplayName": "Items",
          "Tooltip": "Items for dropdown/combobox fields"
        },
        {
          "Name": "OutputValue",
          "Category": 0,
          "Type": "{\"Version\":\"1.346\",\"Type\":{\"Name\":\"Root\",\"Kind\":\"String\",\"EnumString\":\"\",\"Type\":[]}}",
          "PropertyDataTypeKey": "String",
          "Hidden": true,
          "DisplayName": "Output Value",
          "Tooltip": "Current value of the field"
        }
      ],
      "ComponentType": "CanvasComponent",
      "OverridableProperties": {}
    },
    "Index": 7,
    "PublishOrderIndex": 0,
    "VariantName": "",
    "LayoutName": "",
    "MetaDataIDKey": "",
    "PersistMetaDataIDKey": false,
    "IsFromScreenLayout": false,
    "StyleName": "",
    "Parent": "",
    "IsDataControl": false,
    "AllowAccessToGlobals": false,
    "OptimizeForDevices": "Off",
    "IsGroupControl": false,
    "IsAutoGenerated": false,
    "Rules": [
      {
        "Property": "FieldType",
        "Category": "Data",
        "InvariantScript": "\"TextInput\"",
        "RuleProviderType": "System"
      },
      {
        "Property": "LabelText",
        "Category": "Data",
        "InvariantScript": "\"Field Label\"",
        "RuleProviderType": "System"
      },
      {
        "Property": "PlaceholderText",
        "Category": "Data",
        "InvariantScript": "\"Enter value...\"",
        "RuleProviderType": "System"
      },
      {
        "Property": "IsRequired",
        "Category": "Data",
        "InvariantScript": "false",
        "RuleProviderType": "System"
      },
      {
        "Property": "DefaultValue",
        "Category": "Data",
        "InvariantScript": "\"\"",
        "RuleProviderType": "System"
      },
      {
        "Property": "Items",
        "Category": "Data",
        "InvariantScript": "Table({Value:\"Option 1\"},{Value:\"Option 2\"})",
        "RuleProviderType": "System"
      },
      {
        "Property": "OutputValue",
        "Category": "Data",
        "InvariantScript": "Switch(\r\n    TaskInputField.FieldType,\r\n    \"TextInput\", txtFieldInput.Text,\r\n    \"TextArea\", txtFieldArea.Text,\r\n    \"Dropdown\", If(IsBlank(ddFieldInput.Selected), \"\", ddFieldInput.Selected.Value),\r\n    \"Toggle\", Text(tglFieldInput.Value),\r\n    \"\"\r\n)",
        "RuleProviderType": "System"
      },
      {
        "Property": "Fill",
        "Category": "Design",
        "InvariantScript": "RGBA(0, 0, 0, 0)",
        "RuleProviderType": "System"
      },
      {
        "Property": "Height",
        "Category": "Design",
        "InvariantScript": "If(TaskInputField.FieldType = \"TextArea\", 110, 70)",
        "RuleProviderType": "System"
      },
      {
        "Property": "Width",
        "Category": "Design",
        "InvariantScript": "400",
        "RuleProviderType": "Unknown"
      },
      {
        "Property": "X",
        "Category": "Design",
        "InvariantScript": "0",
        "RuleProviderType": "Unknown"
      },
      {
        "Property": "Y",
        "Category": "Design",
        "InvariantScript": "0",
        "RuleProviderType": "Unknown"
      },
      {
        "Property": "ZIndex",
        "Category": "Design",
        "InvariantScript": "1",
        "RuleProviderType": "Unknown"
      }
    ],
    "ControlPropertyState": [
      "Fill",
      {
        "InvariantPropertyName": "Height",
        "AutoRuleBindingEnabled": false,
        "AutoRuleBindingString": "",
        "NameMapSourceSchema": "?",
        "IsLockable": false,
        "AFDDataSourceName": ""
      },
      {
        "InvariantPropertyName": "Width",
        "AutoRuleBindingEnabled": false,
        "AutoRuleBindingString": "",
        "NameMapSourceSchema": "?",
        "IsLockable": false,
        "AFDDataSourceName": ""
      },
      "X",
      "Y",
      "ZIndex",
      {
        "InvariantPropertyName": "FieldType",
        "AutoRuleBindingEnabled": false,
        "AutoRuleBindingString": "\"Text\"",
        "NameMapSourceSchema": "?",
        "IsLockable": false,
        "AFDDataSourceName": ""
      },
      {
        "InvariantPropertyName": "LabelText",
        "AutoRuleBindingEnabled": false,
        "AutoRuleBindingString": "\"Text\"",
        "NameMapSourceSchema": "?",
        "IsLockable": false,
        "AFDDataSourceName": ""
      },
      {
        "InvariantPropertyName": "PlaceholderText",
        "AutoRuleBindingEnabled": false,
        "AutoRuleBindingString": "\"Text\"",
        "NameMapSourceSchema": "?",
        "IsLockable": false,
        "AFDDataSourceName": ""
      },
      {
        "InvariantPropertyName": "IsRequired",
        "AutoRuleBindingEnabled": false,
        "AutoRuleBindingString": "true",
        "NameMapSourceSchema": "?",
        "IsLockable": false,
        "AFDDataSourceName": ""
      },
      {
        "InvariantPropertyName": "DefaultValue",
        "AutoRuleBindingEnabled": false,
        "AutoRuleBindingString": "\"Text\"",
        "NameMapSourceSchema": "?",
        "IsLockable": false,
        "AFDDataSourceName": ""
      },
      {
        "InvariantPropertyName": "Items",
        "AutoRuleBindingEnabled": false,
        "AutoRuleBindingString": "Table({SampleStringField: \"SampleText\", SampleNumberField: 10, SampleBooleanField: true})",
        "NameMapSourceSchema": "?",
        "IsLockable": false,
        "AFDDataSourceName": ""
      },
      {
        "InvariantPropertyName": "OutputValue",
        "AutoRuleBindingEnabled": false,
        "AutoRuleBindingString": "\"Text\"",
        "NameMapSourceSchema": "?",
        "IsLockable": false,
        "AFDDataSourceName": ""
      }
    ],
    "IsLocked": false,
    "ControlUniqueId": "4",
    "Children": [
      {
        "Type": "ControlInfo",
        "Name": "ctrFieldMain",
        "HasDynamicProperties": false,
        "Template": {
          "Id": "http://microsoft.com/appmagic/groupContainer",
          "Version": "1.3.0",
          "LastModifiedTimestamp": "0",
          "Name": "groupContainer",
          "FirstParty": true,
          "IsPremiumPcfControl": false,
          "IsCustomGroupControlTemplate": false,
          "CustomGroupControlTemplateName": "",
          "IsComponentDefinition": false,
          "OverridableProperties": {}
        },
        "Index": 0,
        "PublishOrderIndex": 240,
        "VariantName": "manualLayoutContainer",
        "LayoutName": "",
        "MetaDataIDKey": "",
        "PersistMetaDataIDKey": false,
        "IsFromScreenLayout": false,
        "StyleName": "defaultGroupContainerStyle",
        "Parent": "TaskInputField",
        "IsDataControl": false,
        "AllowAccessToGlobals": true,
        "OptimizeForDevices": "Off",
        "IsGroupControl": false,
        "IsAutoGenerated": false,
        "Rules": [
          {
            "Property": "BorderColor",
            "Category": "Design",
            "InvariantScript": "RGBA(0, 0, 0, 1)",
            "RuleProviderType": "Unknown"
          },
          {
            "Property": "BorderStyle",
            "Category": "Design",
            "InvariantScript": "BorderStyle.Solid",
            "RuleProviderType": "Unknown"
          },
          {
            "Property": "Fill",
            "Category": "Design",
            "InvariantScript": "Color.Transparent",
            "RuleProviderType": "User"
          },
          {
            "Property": "X",
            "Category": "Design",
            "InvariantScript": "0",
            "RuleProviderType": "Unknown"
          },
          {
            "Property": "Y",
            "Category": "Design",
            "InvariantScript": "0",
            "RuleProviderType": "Unknown"
          },
          {
            "Property": "Width",
            "Category": "Design",
            "InvariantScript": "Parent.Width",
            "RuleProviderType": "User"
          },
          {
            "Property": "Height",
            "Category": "Design",
            "InvariantScript": "Parent.Height",
            "RuleProviderType": "User"
          },
          {
            "Property": "DisplayMode",
            "Category": "Design",
            "InvariantScript": "DisplayMode.Edit",
            "RuleProviderType": "Unknown"
          },
          {
            "Property": "LayoutMode",
            "Category": "Design",
            "InvariantScript": "LayoutMode.Manual",
            "RuleProviderType": "Unknown"
          },
          {
            "Property": "LayoutDirection",
            "Category": "Design",
            "InvariantScript": "LayoutDirection.Horizontal",
            "RuleProviderType": "Unknown"
          },
          {
            "Property": "LayoutAlignItems",
            "Category": "Design",
            "InvariantScript": "LayoutAlignItems.Start",
            "RuleProviderType": "Unknown"
          },
          {
            "Property": "LayoutJustifyContent",
            "Category": "Design",
            "InvariantScript": "LayoutJustifyContent.Start",
            "RuleProviderType": "Unknown"
          },
          {
            "Property": "LayoutGap",
            "Category": "Design",
            "InvariantScript": "0",
            "RuleProviderType": "Unknown"
          },
          {
            "Property": "LayoutOverflowX",
            "Category": "Design",
            "InvariantScript": "LayoutOverflow.Hide",
            "RuleProviderType": "Unknown"
          },
          {
            "Property": "LayoutOverflowY",
            "Category": "Design",
            "InvariantScript": "LayoutOverflow.Hide",
            "RuleProviderType": "Unknown"
          },
          {
            "Property": "LayoutWrap",
            "Category": "Design",
            "InvariantScript": "false",
            "RuleProviderType": "Unknown"
          },
          {
            "Property": "DropShadow",
            "Category": "Design",
            "InvariantScript": "DropShadow.Light",
            "RuleProviderType": "Unknown"
          },
          {
            "Property": "ZIndex",
            "Category": "Design",
            "InvariantScript": "1",
            "RuleProviderType": "Unknown"
          },
          {
            "Property": "RadiusTopLeft",
            "Category": "Design",
            "InvariantScript": "4",
            "RuleProviderType": "Unknown"
          },
          {
            "Property": "RadiusTopRight",
            "Category": "Design",
            "InvariantScript": "4",
            "RuleProviderType": "Unknown"
          },
          {
            "Property": "RadiusBottomLeft",
            "Category": "Design",
            "InvariantScript": "4",
            "RuleProviderType": "Unknown"
          },
          {
            "Property": "RadiusBottomRight",
            "Category": "Design",
            "InvariantScript": "4",
            "RuleProviderType": "Unknown"
          }
        ],
        "ControlPropertyState": [
          "BorderColor",
          "BorderStyle",
          {
            "InvariantPropertyName": "Fill",
            "AutoRuleBindingEnabled": false,
            "AutoRuleBindingString": "RGBA(0, 0, 0, 0)",
            "NameMapSourceSchema": "?",
            "IsLockable": false,
            "AFDDataSourceName": ""
          },
          {
            "InvariantPropertyName": "X",
            "AutoRuleBindingEnabled": false,
            "AutoRuleBindingString": "",
            "NameMapSourceSchema": "?",
            "IsLockable": false,
            "AFDDataSourceName": ""
          },
          {
            "InvariantPropertyName": "Y",
            "AutoRuleBindingEnabled": false,
            "AutoRuleBindingString": "",
            "NameMapSourceSchema": "?",
            "IsLockable": false,
            "AFDDataSourceName": ""
          },
          {
            "InvariantPropertyName": "Width",
            "AutoRuleBindingEnabled": false,
            "AutoRuleBindingString": "500",
            "NameMapSourceSchema": "?",
            "IsLockable": false,
            "AFDDataSourceName": ""
          },
          {
            "InvariantPropertyName": "Height",
            "AutoRuleBindingEnabled": false,
            "AutoRuleBindingString": "200",
            "NameMapSourceSchema": "?",
            "IsLockable": false,
            "AFDDataSourceName": ""
          },
          "DisplayMode",
          "LayoutMode",
          "LayoutDirection",
          "LayoutAlignItems",
          "LayoutJustifyContent",
          "LayoutGap",
          "LayoutOverflowX",
          "LayoutOverflowY",
          "LayoutWrap",
          "DropShadow",
          "ZIndex",
          "RadiusTopLeft",
          "RadiusTopRight",
          "RadiusBottomLeft",
          "RadiusBottomRight"
        ],
        "IsLocked": false,
        "ControlUniqueId": "5",
        "Children": [
          {
            "Type": "ControlInfo",
            "Name": "lblFieldLabel",
            "HasDynamicProperties": false,
            "Template": {
              "Id": "http://microsoft.com/appmagic/label",
              "Version": "2.5.1",
              "LastModifiedTimestamp": "0",
              "Name": "label",
              "FirstParty": true,
              "IsPremiumPcfControl": false,
              "IsCustomGroupControlTemplate": false,
              "CustomGroupControlTemplateName": "",
              "IsComponentDefinition": false,
              "OverridableProperties": {}
            },
            "Index": 0,
            "PublishOrderIndex": 241,
            "VariantName": "",
            "LayoutName": "",
            "MetaDataIDKey": "",
            "PersistMetaDataIDKey": false,
            "IsFromScreenLayout": false,
            "StyleName": "defaultLabelStyle",
            "Parent": "ctrFieldMain",
            "IsDataControl": false,
            "AllowAccessToGlobals": true,
            "OptimizeForDevices": "Off",
            "IsGroupControl": false,
            "IsAutoGenerated": false,
            "Rules": [
              {
                "Property": "Live",
                "Category": "Data",
                "InvariantScript": "Live.Off",
                "RuleProviderType": "Unknown"
              },
              {
                "Property": "Text",
                "Category": "Data",
                "InvariantScript": "TaskInputField.LabelText & If(TaskInputField.IsRequired, \" *\", \"\")",
                "RuleProviderType": "User"
              },
              {
                "Property": "Role",
                "Category": "Data",
                "InvariantScript": "TextRole.Default",
                "RuleProviderType": "Unknown"
              },
              {
                "Property": "Overflow",
                "Category": "Design",
                "InvariantScript": "Overflow.Hidden",
                "RuleProviderType": "Unknown"
              },
              {
                "Property": "Color",
                "Category": "Design",
                "InvariantScript": "RGBA(51, 51, 51, 1)",
                "RuleProviderType": "User"
              },
              {
                "Property": "DisabledColor",
                "Category": "Design",
                "InvariantScript": "RGBA(166, 166, 166, 1)",
                "RuleProviderType": "Unknown"
              },
              {
                "Property": "PressedColor",
                "Category": "Design",
                "InvariantScript": "Self.Color",
                "RuleProviderType": "Unknown"
              },
              {
                "Property": "HoverColor",
                "Category": "Design",
                "InvariantScript": "Self.Color",
                "RuleProviderType": "Unknown"
              },
              {
                "Property": "BorderColor",
                "Category": "Design",
                "InvariantScript": "RGBA(0, 18, 107, 1)",
                "RuleProviderType": "Unknown"
              },
              {
                "Property": "DisabledBorderColor",
                "Category": "Design",
                "InvariantScript": "RGBA(56, 56, 56, 1)",
                "RuleProviderType": "Unknown"
              },
              {
                "Property": "PressedBorderColor",
                "Category": "Design",
                "InvariantScript": "Self.BorderColor",
                "RuleProviderType": "Unknown"
              },
              {
                "Property": "HoverBorderColor",
                "Category": "Design",
                "InvariantScript": "Self.BorderColor",
                "RuleProviderType": "Unknown"
              },
              {
                "Property": "BorderStyle",
                "Category": "Design",
                "InvariantScript": "BorderStyle.Solid",
                "RuleProviderType": "Unknown"
              },
              {
                "Property": "FocusedBorderColor",
                "Category": "Design",
                "InvariantScript": "Self.BorderColor",
                "RuleProviderType": "Unknown"
              },
              {
                "Property": "Fill",
                "Category": "Design",
                "InvariantScript": "RGBA(0, 0, 0, 0)",
                "RuleProviderType": "Unknown"
              },
              {
                "Property": "DisabledFill",
                "Category": "Design",
                "InvariantScript": "RGBA(0, 0, 0, 0)",
                "RuleProviderType": "Unknown"
              },
              {
                "Property": "PressedFill",
                "Category": "Design",
                "InvariantScript": "Self.Fill",
                "RuleProviderType": "Unknown"
              },
              {
                "Property": "HoverFill",
                "Category": "Design",
                "InvariantScript": "Self.Fill",
                "RuleProviderType": "Unknown"
              },
              {
                "Property": "Font",
                "Category": "Design",
                "InvariantScript": "Font.'Segoe UI'",
                "RuleProviderType": "Unknown"
              },
              {
                "Property": "FontWeight",
                "Category": "Design",
                "InvariantScript": "FontWeight.Semibold",
                "RuleProviderType": "Unknown"
              },
              {
                "Property": "Align",
                "Category": "Design",
                "InvariantScript": "Align.Left",
                "RuleProviderType": "Unknown"
              },
              {
                "Property": "VerticalAlign",
                "Category": "Design",
                "InvariantScript": "VerticalAlign.Middle",
                "RuleProviderType": "Unknown"
              },
              {
                "Property": "X",
                "Category": "Design",
                "InvariantScript": "0",
                "RuleProviderType": "Unknown"
              },
              {
                "Property": "Y",
                "Category": "Design",
                "InvariantScript": "0",
                "RuleProviderType": "Unknown"
              },
              {
                "Property": "Width",
                "Category": "Design",
                "InvariantScript": "Parent.Width",
                "RuleProviderType": "User"
              },
              {
                "Property": "Height",
                "Category": "Design",
                "InvariantScript": "20",
                "RuleProviderType": "Unknown"
              },
              {
                "Property": "DisplayMode",
                "Category": "Design",
                "InvariantScript": "DisplayMode.Edit",
                "RuleProviderType": "Unknown"
              },
              {
                "Property": "ZIndex",
                "Category": "Design",
                "InvariantScript": "1",
                "RuleProviderType": "Unknown"
              },
              {
                "Property": "LineHeight",
                "Category": "Design",
                "InvariantScript": "1.2",
                "RuleProviderType": "Unknown"
              },
              {
                "Property": "BorderThickness",
                "Category": "Design",
                "InvariantScript": "0",
                "RuleProviderType": "Unknown"
              },
              {
                "Property": "FocusedBorderThickness",
                "Category": "Design",
                "InvariantScript": "0",
                "RuleProviderType": "Unknown"
              },
              {
                "Property": "Size",
                "Category": "Design",
                "InvariantScript": "14",
                "RuleProviderType": "Unknown"
              },
              {
                "Property": "Italic",
                "Category": "Design",
                "InvariantScript": "false",
                "RuleProviderType": "Unknown"
              },
              {
                "Property": "Underline",
                "Category": "Design",
                "InvariantScript": "false",
                "RuleProviderType": "Unknown"
              },
              {
                "Property": "Strikethrough",
                "Category": "Design",
                "InvariantScript": "false",
                "RuleProviderType": "Unknown"
              },
              {
                "Property": "PaddingTop",
                "Category": "Design",
                "InvariantScript": "5",
                "RuleProviderType": "Unknown"
              },
              {
                "Property": "PaddingRight",
                "Category": "Design",
                "InvariantScript": "5",
                "RuleProviderType": "Unknown"
              },
              {
                "Property": "PaddingBottom",
                "Category": "Design",
                "InvariantScript": "5",
                "RuleProviderType": "Unknown"
              },
              {
                "Property": "PaddingLeft",
                "Category": "Design",
                "InvariantScript": "5",
                "RuleProviderType": "Unknown"
              }
            ],
            "ControlPropertyState": [
              "Live",
              "Overflow",
              {
                "InvariantPropertyName": "Text",
                "AutoRuleBindingEnabled": false,
                "AutoRuleBindingString": "\"Text\"",
                "NameMapSourceSchema": "?",
                "IsLockable": false,
                "AFDDataSourceName": ""
              },
              "Role",
              {
                "InvariantPropertyName": "Color",
                "AutoRuleBindingEnabled": false,
                "AutoRuleBindingString": "RGBA(0, 0, 0, 1)",
                "NameMapSourceSchema": "?",
                "IsLockable": false,
                "AFDDataSourceName": ""
              },
              "DisabledColor",
              "PressedColor",
              "HoverColor",
              "BorderColor",
              "DisabledBorderColor",
              "PressedBorderColor",
              "HoverBorderColor",
              "BorderStyle",
              "FocusedBorderColor",
              "Fill",
              "DisabledFill",
              "PressedFill",
              "HoverFill",
              {
                "InvariantPropertyName": "Font",
                "AutoRuleBindingEnabled": false,
                "AutoRuleBindingString": "",
                "NameMapSourceSchema": "?",
                "IsLockable": false,
                "AFDDataSourceName": ""
              },
              {
                "InvariantPropertyName": "FontWeight",
                "AutoRuleBindingEnabled": false,
                "AutoRuleBindingString": "",
                "NameMapSourceSchema": "?",
                "IsLockable": false,
                "AFDDataSourceName": ""
              },
              "Align",
              "VerticalAlign",
              {
                "InvariantPropertyName": "X",
                "AutoRuleBindingEnabled": false,
                "AutoRuleBindingString": "",
                "NameMapSourceSchema": "?",
                "IsLockable": false,
                "AFDDataSourceName": ""
              },
              {
                "InvariantPropertyName": "Y",
                "AutoRuleBindingEnabled": false,
                "AutoRuleBindingString": "",
                "NameMapSourceSchema": "?",
                "IsLockable": false,
                "AFDDataSourceName": ""
              },
              {
                "InvariantPropertyName": "Width",
                "AutoRuleBindingEnabled": false,
                "AutoRuleBindingString": "150",
                "NameMapSourceSchema": "?",
                "IsLockable": false,
                "AFDDataSourceName": ""
              },
              {
                "InvariantPropertyName": "Height",
                "AutoRuleBindingEnabled": false,
                "AutoRuleBindingString": "",
                "NameMapSourceSchema": "?",
                "IsLockable": false,
                "AFDDataSourceName": ""
              },
              "DisplayMode",
              "ZIndex",
              "LineHeight",
              "BorderThickness",
              "FocusedBorderThickness",
              {
                "InvariantPropertyName": "Size",
                "AutoRuleBindingEnabled": false,
                "AutoRuleBindingString": "",
                "NameMapSourceSchema": "?",
                "IsLockable": false,
                "AFDDataSourceName": ""
              },
              "Italic",
              "Underline",
              "Strikethrough",
              "PaddingTop",
              "PaddingRight",
              "PaddingBottom",
              "PaddingLeft"
            ],
            "IsLocked": false,
            "ControlUniqueId": "6",
            "Children": []
          },
          {
            "Type": "ControlInfo",
            "Name": "txtFieldInput",
            "HasDynamicProperties": false,
            "Template": {
              "Id": "http://microsoft.com/appmagic/text",
              "Version": "2.3.2",
              "LastModifiedTimestamp": "0",
              "Name": "text",
              "FirstParty": true,
              "IsPremiumPcfControl": false,
              "IsCustomGroupControlTemplate": false,
              "CustomGroupControlTemplateName": "",
              "IsComponentDefinition": false,
              "OverridableProperties": {}
            },
            "Index": 0,
            "PublishOrderIndex": 242,
            "VariantName": "",
            "LayoutName": "",
            "MetaDataIDKey": "",
            "PersistMetaDataIDKey": false,
            "IsFromScreenLayout": false,
            "StyleName": "defaultTextStyle",
            "Parent": "ctrFieldMain",
            "IsDataControl": false,
            "AllowAccessToGlobals": true,
            "OptimizeForDevices": "Off",
            "IsGroupControl": false,
            "IsAutoGenerated": false,
            "Rules": [
              {
                "Property": "Default",
                "Category": "Data",
                "InvariantScript": "TaskInputField.DefaultValue",
                "RuleProviderType": "User"
              },
              {
                "Property": "DelayOutput",
                "Category": "Data",
                "InvariantScript": "false",
                "RuleProviderType": "Unknown"
              },
              {
                "Property": "HintText",
                "Category": "Data",
                "InvariantScript": "TaskInputField.PlaceholderText",
                "RuleProviderType": "User"
              },
              {
                "Property": "Mode",
                "Category": "Design",
                "InvariantScript": "TextMode.SingleLine",
                "RuleProviderType": "Unknown"
              },
              {
                "Property": "Format",
                "Category": "Design",
                "InvariantScript": "TextFormat.Text",
                "RuleProviderType": "Unknown"
              },
              {
                "Property": "VirtualKeyboardMode",
                "Category": "Design",
                "InvariantScript": "VirtualKeyboardMode.Auto",
                "RuleProviderType": "Unknown"
              },
              {
                "Property": "BorderColor",
                "Category": "Design",
                "InvariantScript": "RGBA(209, 213, 219, 1)",
                "RuleProviderType": "User"
              },
              {
                "Property": "DisabledBorderColor",
                "Category": "Design",
                "InvariantScript": "RGBA(166, 166, 166, 1)",
                "RuleProviderType": "Unknown"
              },
              {
                "Property": "PressedBorderColor",
                "Category": "Design",
                "InvariantScript": "Self.HoverBorderColor",
                "RuleProviderType": "Unknown"
              },
              {
                "Property": "HoverBorderColor",
                "Category": "Design",
                "InvariantScript": "RGBA(0, 18, 107, 1)",
                "RuleProviderType": "Unknown"
              },
              {
                "Property": "BorderStyle",
                "Category": "Design",
                "InvariantScript": "BorderStyle.Solid",
                "RuleProviderType": "Unknown"
              },
              {
                "Property": "FocusedBorderColor",
                "Category": "Design",
                "InvariantScript": "Self.BorderColor",
                "RuleProviderType": "Unknown"
              },
              {
                "Property": "Color",
                "Category": "Design",
                "InvariantScript": "RGBA(0, 0, 0, 1)",
                "RuleProviderType": "Unknown"
              },
              {
                "Property": "DisabledColor",
                "Category": "Design",
                "InvariantScript": "RGBA(166, 166, 166, 1)",
                "RuleProviderType": "Unknown"
              },
              {
                "Property": "PressedColor",
                "Category": "Design",
                "InvariantScript": "Self.Color",
                "RuleProviderType": "Unknown"
              },
              {
                "Property": "HoverColor",
                "Category": "Design",
                "InvariantScript": "RGBA(0, 0, 0, 1)",
                "RuleProviderType": "Unknown"
              },
              {
                "Property": "Fill",
                "Category": "Design",
                "InvariantScript": "RGBA(255, 255, 255, 1)",
                "RuleProviderType": "Unknown"
              },
              {
                "Property": "DisabledFill",
                "Category": "Design",
                "InvariantScript": "RGBA(244, 244, 244, 1)",
                "RuleProviderType": "Unknown"
              },
              {
                "Property": "PressedFill",
                "Category": "Design",
                "InvariantScript": "Self.Fill",
                "RuleProviderType": "Unknown"
              },
              {
                "Property": "HoverFill",
                "Category": "Design",
                "InvariantScript": "RGBA(186, 202, 226, 1)",
                "RuleProviderType": "Unknown"
              },
              {
                "Property": "Font",
                "Category": "Design",
                "InvariantScript": "Font.'Segoe UI'",
                "RuleProviderType": "Unknown"
              },
              {
                "Property": "FontWeight",
                "Category": "Design",
                "InvariantScript": "FontWeight.Normal",
                "RuleProviderType": "Unknown"
              },
              {
                "Property": "Align",
                "Category": "Design",
                "InvariantScript": "Align.Left",
                "RuleProviderType": "Unknown"
              },
              {
                "Property": "X",
                "Category": "Design",
                "InvariantScript": "0",
                "RuleProviderType": "Unknown"
              },
              {
                "Property": "Y",
                "Category": "Design",
                "InvariantScript": "25",
                "RuleProviderType": "Unknown"
              },
              {
                "Property": "Width",
                "Category": "Design",
                "InvariantScript": "Parent.Width",
                "RuleProviderType": "User"
              },
              {
                "Property": "Height",
                "Category": "Design",
                "InvariantScript": "40",
                "RuleProviderType": "Unknown"
              },
              {
                "Property": "DisplayMode",
                "Category": "Design",
                "InvariantScript": "DisplayMode.Edit",
                "RuleProviderType": "Unknown"
              },
              {
                "Property": "ZIndex",
                "Category": "Design",
                "InvariantScript": "2",
                "RuleProviderType": "Unknown"
              },
              {
                "Property": "RadiusTopLeft",
                "Category": "Design",
                "InvariantScript": "5",
                "RuleProviderType": "Unknown"
              },
              {
                "Property": "RadiusTopRight",
                "Category": "Design",
                "InvariantScript": "5",
                "RuleProviderType": "Unknown"
              },
              {
                "Property": "RadiusBottomLeft",
                "Category": "Design",
                "InvariantScript": "5",
                "RuleProviderType": "Unknown"
              },
              {
                "Property": "RadiusBottomRight",
                "Category": "Design",
                "InvariantScript": "5",
                "RuleProviderType": "Unknown"
              },
              {
                "Property": "BorderThickness",
                "Category": "Design",
                "InvariantScript": "2",
                "RuleProviderType": "Unknown"
              },
              {
                "Property": "FocusedBorderThickness",
                "Category": "Design",
                "InvariantScript": "4",
                "RuleProviderType": "Unknown"
              },
              {
                "Property": "Size",
                "Category": "Design",
                "InvariantScript": "14",
                "RuleProviderType": "Unknown"
              },
              {
                "Property": "Italic",
                "Category": "Design",
                "InvariantScript": "false",
                "RuleProviderType": "Unknown"
              },
              {
                "Property": "Underline",
                "Category": "Design",
                "InvariantScript": "false",
                "RuleProviderType": "Unknown"
              },
              {
                "Property": "Strikethrough",
                "Category": "Design",
                "InvariantScript": "false",
                "RuleProviderType": "Unknown"
              },
              {
                "Property": "Visible",
                "Category": "Design",
                "InvariantScript": "TaskInputField.FieldType = \"TextInput\"",
                "RuleProviderType": "User"
              },
              {
                "Property": "OnChange",
                "Category": "Behavior",
                "InvariantScript": "/* No action needed */\r\n//UpdateContext({varFieldValue: Self.Text})",
                "RuleProviderType": "User"
              }
            ],
            "ControlPropertyState": [
              {
                "InvariantPropertyName": "Default",
                "AutoRuleBindingEnabled": false,
                "AutoRuleBindingString": "",
                "NameMapSourceSchema": "?",
                "IsLockable": false,
                "AFDDataSourceName": ""
              },
              "Mode",
              "Format",
              "VirtualKeyboardMode",
              "DelayOutput",
              {
                "InvariantPropertyName": "BorderColor",
                "AutoRuleBindingEnabled": false,
                "AutoRuleBindingString": "RGBA(0, 18, 107, 1)",
                "NameMapSourceSchema": "?",
                "IsLockable": false,
                "AFDDataSourceName": ""
              },
              "DisabledBorderColor",
              "PressedBorderColor",
              "HoverBorderColor",
              "BorderStyle",
              "FocusedBorderColor",
              "Color",
              "DisabledColor",
              "PressedColor",
              "HoverColor",
              "Fill",
              "DisabledFill",
              "PressedFill",
              "HoverFill",
              {
                "InvariantPropertyName": "Font",
                "AutoRuleBindingEnabled": false,
                "AutoRuleBindingString": "",
                "NameMapSourceSchema": "?",
                "IsLockable": false,
                "AFDDataSourceName": ""
              },
              "FontWeight",
              "Align",
              {
                "InvariantPropertyName": "X",
                "AutoRuleBindingEnabled": false,
                "AutoRuleBindingString": "",
                "NameMapSourceSchema": "?",
                "IsLockable": false,
                "AFDDataSourceName": ""
              },
              {
                "InvariantPropertyName": "Y",
                "AutoRuleBindingEnabled": false,
                "AutoRuleBindingString": "",
                "NameMapSourceSchema": "?",
                "IsLockable": false,
                "AFDDataSourceName": ""
              },
              {
                "InvariantPropertyName": "Width",
                "AutoRuleBindingEnabled": false,
                "AutoRuleBindingString": "320",
                "NameMapSourceSchema": "?",
                "IsLockable": false,
                "AFDDataSourceName": ""
              },
              "Height",
              "DisplayMode",
              "ZIndex",
              "RadiusTopLeft",
              "RadiusTopRight",
              "RadiusBottomLeft",
              "RadiusBottomRight",
              "BorderThickness",
              "FocusedBorderThickness",
              {
                "InvariantPropertyName": "Size",
                "AutoRuleBindingEnabled": false,
                "AutoRuleBindingString": "",
                "NameMapSourceSchema": "?",
                "IsLockable": false,
                "AFDDataSourceName": ""
              },
              "Italic",
              "Underline",
              "Strikethrough",
              {
                "InvariantPropertyName": "Visible",
                "AutoRuleBindingEnabled": false,
                "AutoRuleBindingString": "true",
                "NameMapSourceSchema": "?",
                "IsLockable": false,
                "AFDDataSourceName": ""
              },
              {
                "InvariantPropertyName": "HintText",
                "AutoRuleBindingEnabled": false,
                "AutoRuleBindingString": "",
                "NameMapSourceSchema": "?",
                "IsLockable": false,
                "AFDDataSourceName": ""
              },
              {
                "InvariantPropertyName": "OnChange",
                "AutoRuleBindingEnabled": false,
                "AutoRuleBindingString": "false",
                "NameMapSourceSchema": "?",
                "IsLockable": false,
                "AFDDataSourceName": ""
              }
            ],
            "IsLocked": false,
            "ControlUniqueId": "7",
            "Children": []
          },
          {
            "Type": "ControlInfo",
            "Name": "txtFieldArea",
            "HasDynamicProperties": false,
            "Template": {
              "Id": "http://microsoft.com/appmagic/text",
              "Version": "2.3.2",
              "LastModifiedTimestamp": "0",
              "Name": "text",
              "FirstParty": true,
              "IsPremiumPcfControl": false,
              "IsCustomGroupControlTemplate": false,
              "CustomGroupControlTemplateName": "",
              "IsComponentDefinition": false,
              "OverridableProperties": {}
            },
            "Index": 0,
            "PublishOrderIndex": 243,
            "VariantName": "",
            "LayoutName": "",
            "MetaDataIDKey": "",
            "PersistMetaDataIDKey": false,
            "IsFromScreenLayout": false,
            "StyleName": "defaultTextStyle",
            "Parent": "ctrFieldMain",
            "IsDataControl": false,
            "AllowAccessToGlobals": true,
            "OptimizeForDevices": "Off",
            "IsGroupControl": false,
            "IsAutoGenerated": false,
            "Rules": [
              {
                "Property": "Default",
                "Category": "Data",
                "InvariantScript": "TaskInputField.DefaultValue",
                "RuleProviderType": "User"
              },
              {
                "Property": "DelayOutput",
                "Category": "Data",
                "InvariantScript": "false",
                "RuleProviderType": "Unknown"
              },
              {
                "Property": "HintText",
                "Category": "Data",
                "InvariantScript": "TaskInputField.PlaceholderText",
                "RuleProviderType": "User"
              },
              {
                "Property": "Mode",
                "Category": "Design",
                "InvariantScript": "TextMode.MultiLine",
                "RuleProviderType": "User"
              },
              {
                "Property": "Format",
                "Category": "Design",
                "InvariantScript": "TextFormat.Text",
                "RuleProviderType": "Unknown"
              },
              {
                "Property": "VirtualKeyboardMode",
                "Category": "Design",
                "InvariantScript": "VirtualKeyboardMode.Auto",
                "RuleProviderType": "Unknown"
              },
              {
                "Property": "BorderColor",
                "Category": "Design",
                "InvariantScript": "RGBA(209, 213, 219, 1)",
                "RuleProviderType": "User"
              },
              {
                "Property": "DisabledBorderColor",
                "Category": "Design",
                "InvariantScript": "RGBA(166, 166, 166, 1)",
                "RuleProviderType": "Unknown"
              },
              {
                "Property": "PressedBorderColor",
                "Category": "Design",
                "InvariantScript": "Self.HoverBorderColor",
                "RuleProviderType": "Unknown"
              },
              {
                "Property": "HoverBorderColor",
                "Category": "Design",
                "InvariantScript": "RGBA(0, 18, 107, 1)",
                "RuleProviderType": "Unknown"
              },
              {
                "Property": "BorderStyle",
                "Category": "Design",
                "InvariantScript": "BorderStyle.Solid",
                "RuleProviderType": "Unknown"
              },
              {
                "Property": "FocusedBorderColor",
                "Category": "Design",
                "InvariantScript": "Self.BorderColor",
                "RuleProviderType": "Unknown"
              },
              {
                "Property": "Color",
                "Category": "Design",
                "InvariantScript": "RGBA(0, 0, 0, 1)",
                "RuleProviderType": "Unknown"
              },
              {
                "Property": "DisabledColor",
                "Category": "Design",
                "InvariantScript": "RGBA(166, 166, 166, 1)",
                "RuleProviderType": "Unknown"
              },
              {
                "Property": "PressedColor",
                "Category": "Design",
                "InvariantScript": "Self.Color",
                "RuleProviderType": "Unknown"
              },
              {
                "Property": "HoverColor",
                "Category": "Design",
                "InvariantScript": "RGBA(0, 0, 0, 1)",
                "RuleProviderType": "Unknown"
              },
              {
                "Property": "Fill",
                "Category": "Design",
                "InvariantScript": "RGBA(255, 255, 255, 1)",
                "RuleProviderType": "Unknown"
              },
              {
                "Property": "DisabledFill",
                "Category": "Design",
                "InvariantScript": "RGBA(244, 244, 244, 1)",
                "RuleProviderType": "Unknown"
              },
              {
                "Property": "PressedFill",
                "Category": "Design",
                "InvariantScript": "Self.Fill",
                "RuleProviderType": "Unknown"
              },
              {
                "Property": "HoverFill",
                "Category": "Design",
                "InvariantScript": "RGBA(186, 202, 226, 1)",
                "RuleProviderType": "Unknown"
              },
              {
                "Property": "Font",
                "Category": "Design",
                "InvariantScript": "Font.'Segoe UI'",
                "RuleProviderType": "Unknown"
              },
              {
                "Property": "FontWeight",
                "Category": "Design",
                "InvariantScript": "FontWeight.Normal",
                "RuleProviderType": "Unknown"
              },
              {
                "Property": "Align",
                "Category": "Design",
                "InvariantScript": "Align.Left",
                "RuleProviderType": "Unknown"
              },
              {
                "Property": "X",
                "Category": "Design",
                "InvariantScript": "0",
                "RuleProviderType": "Unknown"
              },
              {
                "Property": "Y",
                "Category": "Design",
                "InvariantScript": "25",
                "RuleProviderType": "Unknown"
              },
              {
                "Property": "Width",
                "Category": "Design",
                "InvariantScript": "Parent.Width",
                "RuleProviderType": "User"
              },
              {
                "Property": "Height",
                "Category": "Design",
                "InvariantScript": "80",
                "RuleProviderType": "Unknown"
              },
              {
                "Property": "DisplayMode",
                "Category": "Design",
                "InvariantScript": "DisplayMode.Edit",
                "RuleProviderType": "Unknown"
              },
              {
                "Property": "ZIndex",
                "Category": "Design",
                "InvariantScript": "3",
                "RuleProviderType": "Unknown"
              },
              {
                "Property": "RadiusTopLeft",
                "Category": "Design",
                "InvariantScript": "5",
                "RuleProviderType": "Unknown"
              },
              {
                "Property": "RadiusTopRight",
                "Category": "Design",
                "InvariantScript": "5",
                "RuleProviderType": "Unknown"
              },
              {
                "Property": "RadiusBottomLeft",
                "Category": "Design",
                "InvariantScript": "5",
                "RuleProviderType": "Unknown"
              },
              {
                "Property": "RadiusBottomRight",
                "Category": "Design",
                "InvariantScript": "5",
                "RuleProviderType": "Unknown"
              },
              {
                "Property": "BorderThickness",
                "Category": "Design",
                "InvariantScript": "2",
                "RuleProviderType": "Unknown"
              },
              {
                "Property": "FocusedBorderThickness",
                "Category": "Design",
                "InvariantScript": "4",
                "RuleProviderType": "Unknown"
              },
              {
                "Property": "Size",
                "Category": "Design",
                "InvariantScript": "14",
                "RuleProviderType": "Unknown"
              },
              {
                "Property": "Italic",
                "Category": "Design",
                "InvariantScript": "false",
                "RuleProviderType": "Unknown"
              },
              {
                "Property": "Underline",
                "Category": "Design",
                "InvariantScript": "false",
                "RuleProviderType": "Unknown"
              },
              {
                "Property": "Strikethrough",
                "Category": "Design",
                "InvariantScript": "false",
                "RuleProviderType": "Unknown"
              },
              {
                "Property": "Visible",
                "Category": "Design",
                "InvariantScript": "TaskInputField.FieldType = \"TextArea\"",
                "RuleProviderType": "User"
              },
              {
                "Property": "OnChange",
                "Category": "Behavior",
                "InvariantScript": "/* No action needed */\r\n// UpdateContext({varAreaValue: Self.Text})",
                "RuleProviderType": "User"
              }
            ],
            "ControlPropertyState": [
              {
                "InvariantPropertyName": "Default",
                "AutoRuleBindingEnabled": false,
                "AutoRuleBindingString": "\"Text input\"",
                "NameMapSourceSchema": "?",
                "IsLockable": false,
                "AFDDataSourceName": ""
              },
              {
                "InvariantPropertyName": "Mode",
                "AutoRuleBindingEnabled": false,
                "AutoRuleBindingString": "TextMode.SingleLine",
                "NameMapSourceSchema": "?",
                "IsLockable": false,
                "AFDDataSourceName": ""
              },
              "Format",
              "VirtualKeyboardMode",
              "DelayOutput",
              {
                "InvariantPropertyName": "BorderColor",
                "AutoRuleBindingEnabled": false,
                "AutoRuleBindingString": "RGBA(0, 18, 107, 1)",
                "NameMapSourceSchema": "?",
                "IsLockable": false,
                "AFDDataSourceName": ""
              },
              "DisabledBorderColor",
              "PressedBorderColor",
              "HoverBorderColor",
              "BorderStyle",
              "FocusedBorderColor",
              "Color",
              "DisabledColor",
              "PressedColor",
              "HoverColor",
              "Fill",
              "DisabledFill",
              "PressedFill",
              "HoverFill",
              {
                "InvariantPropertyName": "Font",
                "AutoRuleBindingEnabled": false,
                "AutoRuleBindingString": "",
                "NameMapSourceSchema": "?",
                "IsLockable": false,
                "AFDDataSourceName": ""
              },
              "FontWeight",
              "Align",
              {
                "InvariantPropertyName": "X",
                "AutoRuleBindingEnabled": false,
                "AutoRuleBindingString": "",
                "NameMapSourceSchema": "?",
                "IsLockable": false,
                "AFDDataSourceName": ""
              },
              {
                "InvariantPropertyName": "Y",
                "AutoRuleBindingEnabled": false,
                "AutoRuleBindingString": "",
                "NameMapSourceSchema": "?",
                "IsLockable": false,
                "AFDDataSourceName": ""
              },
              {
                "InvariantPropertyName": "Width",
                "AutoRuleBindingEnabled": false,
                "AutoRuleBindingString": "320",
                "NameMapSourceSchema": "?",
                "IsLockable": false,
                "AFDDataSourceName": ""
              },
              {
                "InvariantPropertyName": "Height",
                "AutoRuleBindingEnabled": false,
                "AutoRuleBindingString": "",
                "NameMapSourceSchema": "?",
                "IsLockable": false,
                "AFDDataSourceName": ""
              },
              "DisplayMode",
              "ZIndex",
              "RadiusTopLeft",
              "RadiusTopRight",
              "RadiusBottomLeft",
              "RadiusBottomRight",
              "BorderThickness",
              "FocusedBorderThickness",
              {
                "InvariantPropertyName": "Size",
                "AutoRuleBindingEnabled": false,
                "AutoRuleBindingString": "",
                "NameMapSourceSchema": "?",
                "IsLockable": false,
                "AFDDataSourceName": ""
              },
              "Italic",
              "Underline",
              "Strikethrough",
              {
                "InvariantPropertyName": "Visible",
                "AutoRuleBindingEnabled": false,
                "AutoRuleBindingString": "true",
                "NameMapSourceSchema": "?",
                "IsLockable": false,
                "AFDDataSourceName": ""
              },
              {
                "InvariantPropertyName": "HintText",
                "AutoRuleBindingEnabled": false,
                "AutoRuleBindingString": "\"\"",
                "NameMapSourceSchema": "?",
                "IsLockable": false,
                "AFDDataSourceName": ""
              },
              {
                "InvariantPropertyName": "OnChange",
                "AutoRuleBindingEnabled": false,
                "AutoRuleBindingString": "false",
                "NameMapSourceSchema": "?",
                "IsLockable": false,
                "AFDDataSourceName": ""
              }
            ],
            "IsLocked": false,
            "ControlUniqueId": "8",
            "Children": []
          },
          {
            "Type": "ControlInfo",
            "Name": "ddFieldInput",
            "HasDynamicProperties": false,
            "Template": {
              "Id": "http://microsoft.com/appmagic/dropdown",
              "Version": "2.3.1",
              "LastModifiedTimestamp": "0",
              "Name": "dropdown",
              "FirstParty": true,
              "IsPremiumPcfControl": false,
              "IsCustomGroupControlTemplate": false,
              "CustomGroupControlTemplateName": "",
              "IsComponentDefinition": false,
              "OverridableProperties": {}
            },
            "Index": 0,
            "PublishOrderIndex": 244,
            "VariantName": "",
            "LayoutName": "",
            "MetaDataIDKey": "",
            "PersistMetaDataIDKey": false,
            "IsFromScreenLayout": false,
            "StyleName": "defaultDropdownStyle",
            "Parent": "ctrFieldMain",
            "IsDataControl": false,
            "AllowAccessToGlobals": true,
            "OptimizeForDevices": "Off",
            "IsGroupControl": false,
            "IsAutoGenerated": false,
            "Rules": [
              {
                "Property": "Items",
                "Category": "Data",
                "InvariantScript": "TaskInputField.Items",
                "RuleProviderType": "Unknown",
                "NameMap": "{\"Value\":\"Value\"}"
              },
              {
                "Property": "Default",
                "Category": "Data",
                "InvariantScript": "If(IsBlank(TaskInputField.DefaultValue), \"\", TaskInputField.DefaultValue)",
                "RuleProviderType": "User"
              },
              {
                "Property": "SelectionColor",
                "Category": "Design",
                "InvariantScript": "RGBA(255, 255, 255, 1)",
                "RuleProviderType": "Unknown"
              },
              {
                "Property": "ChevronFill",
                "Category": "Design",
                "InvariantScript": "RGBA(255, 255, 255, 1)",
                "RuleProviderType": "Unknown"
              },
              {
                "Property": "ChevronHoverFill",
                "Category": "Design",
                "InvariantScript": "RGBA(255, 255, 255, 1)",
                "RuleProviderType": "Unknown"
              },
              {
                "Property": "ChevronDisabledFill",
                "Category": "Design",
                "InvariantScript": "RGBA(244, 244, 244, 1)",
                "RuleProviderType": "Unknown"
              },
              {
                "Property": "ChevronBackground",
                "Category": "Design",
                "InvariantScript": "RGBA(56, 96, 178, 1)",
                "RuleProviderType": "Unknown"
              },
              {
                "Property": "ChevronHoverBackground",
                "Category": "Design",
                "InvariantScript": "ColorFade(RGBA(56, 96, 178, 1), -20%)",
                "RuleProviderType": "Unknown"
              },
              {
                "Property": "ChevronDisabledBackground",
                "Category": "Design",
                "InvariantScript": "RGBA(166, 166, 166, 1)",
                "RuleProviderType": "Unknown"
              },
              {
                "Property": "SelectionFill",
                "Category": "Design",
                "InvariantScript": "RGBA(56, 96, 178, 1)",
                "RuleProviderType": "Unknown"
              },
              {
                "Property": "Color",
                "Category": "Design",
                "InvariantScript": "RGBA(0, 0, 0, 1)",
                "RuleProviderType": "Unknown"
              },
              {
                "Property": "HoverColor",
                "Category": "Design",
                "InvariantScript": "RGBA(0, 0, 0, 1)",
                "RuleProviderType": "Unknown"
              },
              {
                "Property": "PressedColor",
                "Category": "Design",
                "InvariantScript": "RGBA(255, 255, 255, 1)",
                "RuleProviderType": "Unknown"
              },
              {
                "Property": "DisabledColor",
                "Category": "Design",
                "InvariantScript": "RGBA(166, 166, 166, 1)",
                "RuleProviderType": "Unknown"
              },
              {
                "Property": "BorderColor",
                "Category": "Design",
                "InvariantScript": "RGBA(0, 18, 107, 1)",
                "RuleProviderType": "Unknown"
              },
              {
                "Property": "DisabledBorderColor",
                "Category": "Design",
                "InvariantScript": "RGBA(166, 166, 166, 1)",
                "RuleProviderType": "Unknown"
              },
              {
                "Property": "HoverBorderColor",
                "Category": "Design",
                "InvariantScript": "ColorFade(Self.BorderColor, 15%)",
                "RuleProviderType": "Unknown"
              },
              {
                "Property": "PressedBorderColor",
                "Category": "Design",
                "InvariantScript": "Self.HoverBorderColor",
                "RuleProviderType": "Unknown"
              },
              {
                "Property": "BorderStyle",
                "Category": "Design",
                "InvariantScript": "BorderStyle.Solid",
                "RuleProviderType": "Unknown"
              },
              {
                "Property": "FocusedBorderColor",
                "Category": "Design",
                "InvariantScript": "Self.BorderColor",
                "RuleProviderType": "Unknown"
              },
              {
                "Property": "Fill",
                "Category": "Design",
                "InvariantScript": "RGBA(255, 255, 255, 1)",
                "RuleProviderType": "Unknown"
              },
              {
                "Property": "DisabledFill",
                "Category": "Design",
                "InvariantScript": "RGBA(244, 244, 244, 1)",
                "RuleProviderType": "Unknown"
              },
              {
                "Property": "PressedFill",
                "Category": "Design",
                "InvariantScript": "RGBA(0, 18, 107, 1)",
                "RuleProviderType": "Unknown"
              },
              {
                "Property": "HoverFill",
                "Category": "Design",
                "InvariantScript": "RGBA(186, 202, 226, 1)",
                "RuleProviderType": "Unknown"
              },
              {
                "Property": "Font",
                "Category": "Design",
                "InvariantScript": "Font.'Segoe UI'",
                "RuleProviderType": "Unknown"
              },
              {
                "Property": "FontWeight",
                "Category": "Design",
                "InvariantScript": "FontWeight.Normal",
                "RuleProviderType": "Unknown"
              },
              {
                "Property": "X",
                "Category": "Design",
                "InvariantScript": "0",
                "RuleProviderType": "Unknown"
              },
              {
                "Property": "Y",
                "Category": "Design",
                "InvariantScript": "25",
                "RuleProviderType": "Unknown"
              },
              {
                "Property": "Width",
                "Category": "Design",
                "InvariantScript": "Parent.Width",
                "RuleProviderType": "User"
              },
              {
                "Property": "Height",
                "Category": "Design",
                "InvariantScript": "Switch(\r\n    TaskInputField.FieldType,\r\n    \"TextArea\", 110,\r\n    \"Toggle\", 60,\r\n    70\r\n)",
                "RuleProviderType": "User"
              },
              {
                "Property": "DisplayMode",
                "Category": "Design",
                "InvariantScript": "DisplayMode.Edit",
                "RuleProviderType": "Unknown"
              },
              {
                "Property": "ZIndex",
                "Category": "Design",
                "InvariantScript": "4",
                "RuleProviderType": "Unknown"
              },
              {
                "Property": "BorderThickness",
                "Category": "Design",
                "InvariantScript": "2",
                "RuleProviderType": "Unknown"
              },
              {
                "Property": "FocusedBorderThickness",
                "Category": "Design",
                "InvariantScript": "4",
                "RuleProviderType": "Unknown"
              },
              {
                "Property": "Size",
                "Category": "Design",
                "InvariantScript": "14",
                "RuleProviderType": "Unknown"
              },
              {
                "Property": "Italic",
                "Category": "Design",
                "InvariantScript": "false",
                "RuleProviderType": "Unknown"
              },
              {
                "Property": "Underline",
                "Category": "Design",
                "InvariantScript": "false",
                "RuleProviderType": "Unknown"
              },
              {
                "Property": "Strikethrough",
                "Category": "Design",
                "InvariantScript": "false",
                "RuleProviderType": "Unknown"
              },
              {
                "Property": "PaddingTop",
                "Category": "Design",
                "InvariantScript": "10",
                "RuleProviderType": "Unknown"
              },
              {
                "Property": "PaddingRight",
                "Category": "Design",
                "InvariantScript": "10",
                "RuleProviderType": "Unknown"
              },
              {
                "Property": "PaddingBottom",
                "Category": "Design",
                "InvariantScript": "10",
                "RuleProviderType": "Unknown"
              },
              {
                "Property": "PaddingLeft",
                "Category": "Design",
                "InvariantScript": "10",
                "RuleProviderType": "Unknown"
              },
              {
                "Property": "Visible",
                "Category": "Design",
                "InvariantScript": "TaskInputField.FieldType = \"Dropdown\"",
                "RuleProviderType": "User"
              },
              {
                "Property": "OnChange",
                "Category": "Behavior",
                "InvariantScript": "/* No action needed */\r\n//UpdateContext({varDropdownValue: Self.Selected.Value})",
                "RuleProviderType": "User"
              }
            ],
            "ControlPropertyState": [
              {
                "InvariantPropertyName": "Items",
                "AutoRuleBindingEnabled": false,
                "AutoRuleBindingString": "DropDownSample",
                "NameMapSourceSchema": "?",
                "IsLockable": false,
                "AFDDataSourceName": ""
              },
              "SelectionColor",
              "ChevronFill",
              "ChevronHoverFill",
              "ChevronDisabledFill",
              "ChevronBackground",
              "ChevronHoverBackground",
              "ChevronDisabledBackground",
              "SelectionFill",
              "Color",
              "HoverColor",
              "PressedColor",
              "DisabledColor",
              "BorderColor",
              "DisabledBorderColor",
              "HoverBorderColor",
              "PressedBorderColor",
              "BorderStyle",
              "FocusedBorderColor",
              "Fill",
              "DisabledFill",
              "PressedFill",
              "HoverFill",
              {
                "InvariantPropertyName": "Font",
                "AutoRuleBindingEnabled": false,
                "AutoRuleBindingString": "",
                "NameMapSourceSchema": "?",
                "IsLockable": false,
                "AFDDataSourceName": ""
              },
              "FontWeight",
              {
                "InvariantPropertyName": "X",
                "AutoRuleBindingEnabled": false,
                "AutoRuleBindingString": "",
                "NameMapSourceSchema": "?",
                "IsLockable": false,
                "AFDDataSourceName": ""
              },
              {
                "InvariantPropertyName": "Y",
                "AutoRuleBindingEnabled": false,
                "AutoRuleBindingString": "",
                "NameMapSourceSchema": "?",
                "IsLockable": false,
                "AFDDataSourceName": ""
              },
              {
                "InvariantPropertyName": "Width",
                "AutoRuleBindingEnabled": false,
                "AutoRuleBindingString": "328",
                "NameMapSourceSchema": "?",
                "IsLockable": false,
                "AFDDataSourceName": ""
              },
              {
                "InvariantPropertyName": "Height",
                "AutoRuleBindingEnabled": false,
                "AutoRuleBindingString": "40",
                "NameMapSourceSchema": "?",
                "IsLockable": false,
                "AFDDataSourceName": ""
              },
              "DisplayMode",
              "ZIndex",
              "BorderThickness",
              "FocusedBorderThickness",
              {
                "InvariantPropertyName": "Size",
                "AutoRuleBindingEnabled": false,
                "AutoRuleBindingString": "",
                "NameMapSourceSchema": "?",
                "IsLockable": false,
                "AFDDataSourceName": ""
              },
              "Italic",
              "Underline",
              "Strikethrough",
              "PaddingTop",
              "PaddingRight",
              "PaddingBottom",
              "PaddingLeft",
              {
                "InvariantPropertyName": "Visible",
                "AutoRuleBindingEnabled": false,
                "AutoRuleBindingString": "true",
                "NameMapSourceSchema": "?",
                "IsLockable": false,
                "AFDDataSourceName": ""
              },
              {
                "InvariantPropertyName": "Default",
                "AutoRuleBindingEnabled": false,
                "AutoRuleBindingString": "\"1\"",
                "NameMapSourceSchema": "?",
                "IsLockable": false,
                "AFDDataSourceName": ""
              },
              {
                "InvariantPropertyName": "OnChange",
                "AutoRuleBindingEnabled": false,
                "AutoRuleBindingString": "false",
                "NameMapSourceSchema": "?",
                "IsLockable": false,
                "AFDDataSourceName": ""
              }
            ],
            "IsLocked": false,
            "ControlUniqueId": "9",
            "Children": []
          },
          {
            "Type": "ControlInfo",
            "Name": "tglFieldInput",
            "HasDynamicProperties": false,
            "Template": {
              "Id": "http://microsoft.com/appmagic/toggleSwitch",
              "Version": "2.1.0",
              "LastModifiedTimestamp": "0",
              "Name": "toggleSwitch",
              "FirstParty": true,
              "IsPremiumPcfControl": false,
              "IsCustomGroupControlTemplate": false,
              "CustomGroupControlTemplateName": "",
              "IsComponentDefinition": false,
              "OverridableProperties": {}
            },
            "Index": 0,
            "PublishOrderIndex": 245,
            "VariantName": "",
            "LayoutName": "",
            "MetaDataIDKey": "",
            "PersistMetaDataIDKey": false,
            "IsFromScreenLayout": false,
            "StyleName": "defaultToggleSwitchStyle",
            "Parent": "ctrFieldMain",
            "IsDataControl": false,
            "AllowAccessToGlobals": true,
            "OptimizeForDevices": "Off",
            "IsGroupControl": false,
            "IsAutoGenerated": false,
            "Rules": [
              {
                "Property": "Default",
                "Category": "Data",
                "InvariantScript": "If(IsBlank(TaskInputField.DefaultValue), false, Value(TaskInputField.DefaultValue))",
                "RuleProviderType": "User"
              },
              {
                "Property": "HandleFill",
                "Category": "Design",
                "InvariantScript": "RGBA(255, 255, 255, 1)",
                "RuleProviderType": "Unknown"
              },
              {
                "Property": "TextPosition",
                "Category": "Design",
                "InvariantScript": "TextPosition.Right",
                "RuleProviderType": "Unknown"
              },
              {
                "Property": "FalseFill",
                "Category": "Design",
                "InvariantScript": "RGBA(128, 130, 133, 1)",
                "RuleProviderType": "Unknown"
              },
              {
                "Property": "FalseHoverFill",
                "Category": "Design",
                "InvariantScript": "ColorFade(Self.FalseFill, 15%)",
                "RuleProviderType": "Unknown"
              },
              {
                "Property": "TrueFill",
                "Category": "Design",
                "InvariantScript": "RGBA(56, 96, 178, 1)",
                "RuleProviderType": "User"
              },
              {
                "Property": "TrueHoverFill",
                "Category": "Design",
                "InvariantScript": "ColorFade(Self.TrueFill, 15%)",
                "RuleProviderType": "Unknown"
              },
              {
                "Property": "BorderColor",
                "Category": "Design",
                "InvariantScript": "RGBA(0, 18, 107, 1)",
                "RuleProviderType": "Unknown"
              },
              {
                "Property": "DisabledBorderColor",
                "Category": "Design",
                "InvariantScript": "RGBA(56, 56, 56, 1)",
                "RuleProviderType": "Unknown"
              },
              {
                "Property": "PressedBorderColor",
                "Category": "Design",
                "InvariantScript": "ColorFade(Self.BorderColor, -15%)",
                "RuleProviderType": "Unknown"
              },
              {
                "Property": "HoverBorderColor",
                "Category": "Design",
                "InvariantScript": "ColorFade(Self.BorderColor, 15%)",
                "RuleProviderType": "Unknown"
              },
              {
                "Property": "BorderStyle",
                "Category": "Design",
                "InvariantScript": "BorderStyle.Solid",
                "RuleProviderType": "Unknown"
              },
              {
                "Property": "FocusedBorderColor",
                "Category": "Design",
                "InvariantScript": "Self.BorderColor",
                "RuleProviderType": "Unknown"
              },
              {
                "Property": "Height",
                "Category": "Design",
                "InvariantScript": "30",
                "RuleProviderType": "Unknown"
              },
              {
                "Property": "Width",
                "Category": "Design",
                "InvariantScript": "60",
                "RuleProviderType": "Unknown"
              },
              {
                "Property": "X",
                "Category": "Design",
                "InvariantScript": "0",
                "RuleProviderType": "Unknown"
              },
              {
                "Property": "Y",
                "Category": "Design",
                "InvariantScript": "30",
                "RuleProviderType": "Unknown"
              },
              {
                "Property": "DisplayMode",
                "Category": "Design",
                "InvariantScript": "DisplayMode.Edit",
                "RuleProviderType": "Unknown"
              },
              {
                "Property": "FontWeight",
                "Category": "Design",
                "InvariantScript": "FontWeight.Normal",
                "RuleProviderType": "Unknown"
              },
              {
                "Property": "Color",
                "Category": "Design",
                "InvariantScript": "RGBA(0, 0, 0, 1)",
                "RuleProviderType": "Unknown"
              },
              {
                "Property": "DisabledColor",
                "Category": "Design",
                "InvariantScript": "RGBA(186, 186, 186, 1)",
                "RuleProviderType": "Unknown"
              },
              {
                "Property": "Font",
                "Category": "Design",
                "InvariantScript": "Font.'Open Sans'",
                "RuleProviderType": "Unknown"
              },
              {
                "Property": "ZIndex",
                "Category": "Design",
                "InvariantScript": "5",
                "RuleProviderType": "Unknown"
              },
              {
                "Property": "BorderThickness",
                "Category": "Design",
                "InvariantScript": "0",
                "RuleProviderType": "Unknown"
              },
              {
                "Property": "FocusedBorderThickness",
                "Category": "Design",
                "InvariantScript": "2",
                "RuleProviderType": "Unknown"
              },
              {
                "Property": "Size",
                "Category": "Design",
                "InvariantScript": "13",
                "RuleProviderType": "Unknown"
              },
              {
                "Property": "Visible",
                "Category": "Design",
                "InvariantScript": "TaskInputField.FieldType = \"Toggle\"",
                "RuleProviderType": "User"
              },
              {
                "Property": "OnChange",
                "Category": "Behavior",
                "InvariantScript": "/* No action needed */\r\n//UpdateContext({varToggleValue: Text(Self.Value)})",
                "RuleProviderType": "User"
              }
            ],
            "ControlPropertyState": [
              "HandleFill",
              "TextPosition",
              "FalseFill",
              "FalseHoverFill",
              "TrueFill",
              "TrueHoverFill",
              "BorderColor",
              "DisabledBorderColor",
              "PressedBorderColor",
              "HoverBorderColor",
              "BorderStyle",
              "FocusedBorderColor",
              {
                "InvariantPropertyName": "Height",
                "AutoRuleBindingEnabled": false,
                "AutoRuleBindingString": "",
                "NameMapSourceSchema": "?",
                "IsLockable": false,
                "AFDDataSourceName": ""
              },
              {
                "InvariantPropertyName": "Width",
                "AutoRuleBindingEnabled": false,
                "AutoRuleBindingString": "",
                "NameMapSourceSchema": "?",
                "IsLockable": false,
                "AFDDataSourceName": ""
              },
              {
                "InvariantPropertyName": "X",
                "AutoRuleBindingEnabled": false,
                "AutoRuleBindingString": "",
                "NameMapSourceSchema": "?",
                "IsLockable": false,
                "AFDDataSourceName": ""
              },
              {
                "InvariantPropertyName": "Y",
                "AutoRuleBindingEnabled": false,
                "AutoRuleBindingString": "",
                "NameMapSourceSchema": "?",
                "IsLockable": false,
                "AFDDataSourceName": ""
              },
              "DisplayMode",
              "FontWeight",
              "Color",
              "DisabledColor",
              "Font",
              "ZIndex",
              "BorderThickness",
              "FocusedBorderThickness",
              "Size",
              {
                "InvariantPropertyName": "Visible",
                "AutoRuleBindingEnabled": false,
                "AutoRuleBindingString": "true",
                "NameMapSourceSchema": "?",
                "IsLockable": false,
                "AFDDataSourceName": ""
              },
              {
                "InvariantPropertyName": "Default",
                "AutoRuleBindingEnabled": false,
                "AutoRuleBindingString": "false",
                "NameMapSourceSchema": "?",
                "IsLockable": false,
                "AFDDataSourceName": ""
              },
              {
                "InvariantPropertyName": "OnChange",
                "AutoRuleBindingEnabled": false,
                "AutoRuleBindingString": "false",
                "NameMapSourceSchema": "?",
                "IsLockable": false,
                "AFDDataSourceName": ""
              }
            ],
            "IsLocked": false,
            "ControlUniqueId": "10",
            "Children": []
          }
        ]
      }
    ]
  }
}