{
  "TopParent": {
    "Type": "ControlInfo",
    "Name": "TaskSection",
    "Template": {
      "Id": "http://microsoft.com/appmagic/Component",
      "Version": "1.0",
      "LastModifiedTimestamp": "638920824483840423",
      "Name": "85c6cffc491041e3b959a578e2cc3b48",
      "FirstParty": true,
      "IsPremiumPcfControl": false,
      "IsCustomGroupControlTemplate": false,
      "CustomGroupControlTemplateName": "",
      "IsComponentDefinition": true,
      "CustomProperties": [
        {
          "Name": "SectionTitle",
          "Category": 0,
          "Type": "{\"Version\":\"1.346\",\"Type\":{\"Name\":\"Root\",\"Kind\":\"String\",\"EnumString\":\"\",\"Type\":[]}}",
          "PropertyDataTypeKey": "String",
          "Hidden": false,
          "DisplayName": "Section Title",
          "Tooltip": "Title displayed in the section header"
        },
        {
          "Name": "IsCollapsible",
          "Category": 0,
          "Type": "{\"Version\":\"1.346\",\"Type\":{\"Name\":\"Root\",\"Kind\":\"Boolean\",\"EnumString\":\"\",\"Type\":[]}}",
          "PropertyDataTypeKey": "Boolean",
          "Hidden": false,
          "DisplayName": "Is Collapsible",
          "Tooltip": "Whether the section can be collapsed"
        },
        {
          "Name": "IsExpanded",
          "Category": 0,
          "Type": "{\"Version\":\"1.346\",\"Type\":{\"Name\":\"Root\",\"Kind\":\"Boolean\",\"EnumString\":\"\",\"Type\":[]}}",
          "PropertyDataTypeKey": "Boolean",
          "Hidden": false,
          "DisplayName": "Is Expanded",
          "Tooltip": "Whether the section is currently expanded"
        },
        {
          "Name": "ShowWhen",
          "Category": 0,
          "Type": "{\"Version\":\"1.346\",\"Type\":{\"Name\":\"Root\",\"Kind\":\"Boolean\",\"EnumString\":\"\",\"Type\":[]}}",
          "PropertyDataTypeKey": "Boolean",
          "Hidden": false,
          "DisplayName": "Show When",
          "Tooltip": "Condition that determines if section is visible"
        }
      ],
      "ComponentType": "CanvasComponent",
      "OverridableProperties": {}
    },
    "Index": 8,
    "PublishOrderIndex": 0,
    "VariantName": "",
    "LayoutName": "",
    "MetaDataIDKey": "",
    "PersistMetaDataIDKey": false,
    "IsFromScreenLayout": false,
    "StyleName": "",
    "Parent": "",
    "IsDataControl": false,
    "AllowAccessToGlobals": false,
    "OptimizeForDevices": "Off",
    "IsGroupControl": false,
    "IsAutoGenerated": false,
    "Rules": [
      {
        "Property": "SectionTitle",
        "Category": "Data",
        "InvariantScript": "\"Section Title\"",
        "RuleProviderType": "System"
      },
      {
        "Property": "IsCollapsible",
        "Category": "Data",
        "InvariantScript": "true",
        "RuleProviderType": "System"
      },
      {
        "Property": "IsExpanded",
        "Category": "Data",
        "InvariantScript": "true",
        "RuleProviderType": "System"
      },
      {
        "Property": "ShowWhen",
        "Category": "Data",
        "InvariantScript": "true",
        "RuleProviderType": "System"
      },
      {
        "Property": "Fill",
        "Category": "Design",
        "InvariantScript": "Color.White",
        "RuleProviderType": "System"
      },
      {
        "Property": "Height",
        "Category": "Design",
        "InvariantScript": "If(TaskSection.IsExpanded, 300, 50)",
        "RuleProviderType": "System"
      },
      {
        "Property": "Width",
        "Category": "Design",
        "InvariantScript": "400",
        "RuleProviderType": "Unknown"
      },
      {
        "Property": "X",
        "Category": "Design",
        "InvariantScript": "0",
        "RuleProviderType": "Unknown"
      },
      {
        "Property": "Y",
        "Category": "Design",
        "InvariantScript": "0",
        "RuleProviderType": "Unknown"
      },
      {
        "Property": "ZIndex",
        "Category": "Design",
        "InvariantScript": "1",
        "RuleProviderType": "Unknown"
      }
    ],
    "ControlPropertyState": [
      {
        "InvariantPropertyName": "Fill",
        "AutoRuleBindingEnabled": false,
        "AutoRuleBindingString": "RGBA(0, 0, 0, 0)",
        "NameMapSourceSchema": "?",
        "IsLockable": false,
        "AFDDataSourceName": ""
      },
      {
        "InvariantPropertyName": "Height",
        "AutoRuleBindingEnabled": false,
        "AutoRuleBindingString": "",
        "NameMapSourceSchema": "?",
        "IsLockable": false,
        "AFDDataSourceName": ""
      },
      {
        "InvariantPropertyName": "Width",
        "AutoRuleBindingEnabled": false,
        "AutoRuleBindingString": "",
        "NameMapSourceSchema": "?",
        "IsLockable": false,
        "AFDDataSourceName": ""
      },
      "X",
      "Y",
      "ZIndex",
      {
        "InvariantPropertyName": "SectionTitle",
        "AutoRuleBindingEnabled": false,
        "AutoRuleBindingString": "\"Text\"",
        "NameMapSourceSchema": "?",
        "IsLockable": false,
        "AFDDataSourceName": ""
      },
      "IsCollapsible",
      "IsExpanded",
      "ShowWhen"
    ],
    "IsLocked": false,
    "ControlUniqueId": "11",
    "Children": [
      {
        "Type": "ControlInfo",
        "Name": "ctrSectionMain",
        "HasDynamicProperties": false,
        "Template": {
          "Id": "http://microsoft.com/appmagic/groupContainer",
          "Version": "1.3.0",
          "LastModifiedTimestamp": "0",
          "Name": "groupContainer",
          "FirstParty": true,
          "IsPremiumPcfControl": false,
          "IsCustomGroupControlTemplate": false,
          "CustomGroupControlTemplateName": "",
          "IsComponentDefinition": false,
          "OverridableProperties": {}
        },
        "Index": 0,
        "PublishOrderIndex": 246,
        "VariantName": "verticalAutoLayoutContainer",
        "LayoutName": "",
        "MetaDataIDKey": "",
        "PersistMetaDataIDKey": false,
        "IsFromScreenLayout": false,
        "StyleName": "defaultGroupContainerStyle",
        "Parent": "TaskSection",
        "IsDataControl": false,
        "AllowAccessToGlobals": true,
        "OptimizeForDevices": "Off",
        "IsGroupControl": false,
        "IsAutoGenerated": false,
        "Rules": [
          {
            "Property": "BorderColor",
            "Category": "Design",
            "InvariantScript": "RGBA(225, 225, 225, 1)",
            "RuleProviderType": "User"
          },
          {
            "Property": "BorderStyle",
            "Category": "Design",
            "InvariantScript": "BorderStyle.Solid",
            "RuleProviderType": "Unknown"
          },
          {
            "Property": "Fill",
            "Category": "Design",
            "InvariantScript": "Color.White",
            "RuleProviderType": "User"
          },
          {
            "Property": "X",
            "Category": "Design",
            "InvariantScript": "0",
            "RuleProviderType": "Unknown"
          },
          {
            "Property": "Y",
            "Category": "Design",
            "InvariantScript": "0",
            "RuleProviderType": "Unknown"
          },
          {
            "Property": "Width",
            "Category": "Design",
            "InvariantScript": "Parent.Width",
            "RuleProviderType": "User"
          },
          {
            "Property": "Height",
            "Category": "Design",
            "InvariantScript": "Parent.Height",
            "RuleProviderType": "User"
          },
          {
            "Property": "DisplayMode",
            "Category": "Design",
            "InvariantScript": "DisplayMode.Edit",
            "RuleProviderType": "Unknown"
          },
          {
            "Property": "ChildTabPriority",
            "Category": "Design",
            "InvariantScript": "true",
            "RuleProviderType": "Unknown"
          },
          {
            "Property": "LayoutMode",
            "Category": "Design",
            "InvariantScript": "LayoutMode.Auto",
            "RuleProviderType": "Unknown"
          },
          {
            "Property": "LayoutDirection",
            "Category": "Design",
            "InvariantScript": "LayoutDirection.Vertical",
            "RuleProviderType": "Unknown"
          },
          {
            "Property": "LayoutAlignItems",
            "Category": "Design",
            "InvariantScript": "LayoutAlignItems.Start",
            "RuleProviderType": "Unknown"
          },
          {
            "Property": "LayoutJustifyContent",
            "Category": "Design",
            "InvariantScript": "LayoutJustifyContent.Start",
            "RuleProviderType": "Unknown"
          },
          {
            "Property": "LayoutGap",
            "Category": "Design",
            "InvariantScript": "0",
            "RuleProviderType": "Unknown"
          },
          {
            "Property": "LayoutOverflowX",
            "Category": "Design",
            "InvariantScript": "LayoutOverflow.Hide",
            "RuleProviderType": "Unknown"
          },
          {
            "Property": "LayoutOverflowY",
            "Category": "Design",
            "InvariantScript": "LayoutOverflow.Hide",
            "RuleProviderType": "Unknown"
          },
          {
            "Property": "LayoutWrap",
            "Category": "Design",
            "InvariantScript": "false",
            "RuleProviderType": "Unknown"
          },
          {
            "Property": "DropShadow",
            "Category": "Design",
            "InvariantScript": "DropShadow.Light",
            "RuleProviderType": "Unknown"
          },
          {
            "Property": "ZIndex",
            "Category": "Design",
            "InvariantScript": "1",
            "RuleProviderType": "Unknown"
          },
          {
            "Property": "RadiusTopLeft",
            "Category": "Design",
            "InvariantScript": "8",
            "RuleProviderType": "Unknown"
          },
          {
            "Property": "RadiusTopRight",
            "Category": "Design",
            "InvariantScript": "8",
            "RuleProviderType": "Unknown"
          },
          {
            "Property": "RadiusBottomLeft",
            "Category": "Design",
            "InvariantScript": "8",
            "RuleProviderType": "Unknown"
          },
          {
            "Property": "RadiusBottomRight",
            "Category": "Design",
            "InvariantScript": "8",
            "RuleProviderType": "Unknown"
          },
          {
            "Property": "BorderThickness",
            "Category": "Design",
            "InvariantScript": "1",
            "RuleProviderType": "Unknown"
          }
        ],
        "ControlPropertyState": [
          {
            "InvariantPropertyName": "BorderColor",
            "AutoRuleBindingEnabled": false,
            "AutoRuleBindingString": "RGBA(0, 0, 0, 1)",
            "NameMapSourceSchema": "?",
            "IsLockable": false,
            "AFDDataSourceName": ""
          },
          "BorderStyle",
          {
            "InvariantPropertyName": "Fill",
            "AutoRuleBindingEnabled": false,
            "AutoRuleBindingString": "RGBA(0, 0, 0, 0)",
            "NameMapSourceSchema": "?",
            "IsLockable": false,
            "AFDDataSourceName": ""
          },
          {
            "InvariantPropertyName": "X",
            "AutoRuleBindingEnabled": false,
            "AutoRuleBindingString": "",
            "NameMapSourceSchema": "?",
            "IsLockable": false,
            "AFDDataSourceName": ""
          },
          {
            "InvariantPropertyName": "Y",
            "AutoRuleBindingEnabled": false,
            "AutoRuleBindingString": "",
            "NameMapSourceSchema": "?",
            "IsLockable": false,
            "AFDDataSourceName": ""
          },
          {
            "InvariantPropertyName": "Width",
            "AutoRuleBindingEnabled": false,
            "AutoRuleBindingString": "500",
            "NameMapSourceSchema": "?",
            "IsLockable": false,
            "AFDDataSourceName": ""
          },
          {
            "InvariantPropertyName": "Height",
            "AutoRuleBindingEnabled": false,
            "AutoRuleBindingString": "200",
            "NameMapSourceSchema": "?",
            "IsLockable": false,
            "AFDDataSourceName": ""
          },
          "DisplayMode",
          "ChildTabPriority",
          "LayoutMode",
          "LayoutDirection",
          "LayoutAlignItems",
          "LayoutJustifyContent",
          "LayoutGap",
          "LayoutOverflowX",
          "LayoutOverflowY",
          "LayoutWrap",
          "DropShadow",
          "ZIndex",
          {
            "InvariantPropertyName": "RadiusTopLeft",
            "AutoRuleBindingEnabled": false,
            "AutoRuleBindingString": "",
            "NameMapSourceSchema": "?",
            "IsLockable": false,
            "AFDDataSourceName": ""
          },
          {
            "InvariantPropertyName": "RadiusTopRight",
            "AutoRuleBindingEnabled": false,
            "AutoRuleBindingString": "",
            "NameMapSourceSchema": "?",
            "IsLockable": false,
            "AFDDataSourceName": ""
          },
          {
            "InvariantPropertyName": "RadiusBottomLeft",
            "AutoRuleBindingEnabled": false,
            "AutoRuleBindingString": "",
            "NameMapSourceSchema": "?",
            "IsLockable": false,
            "AFDDataSourceName": ""
          },
          {
            "InvariantPropertyName": "RadiusBottomRight",
            "AutoRuleBindingEnabled": false,
            "AutoRuleBindingString": "",
            "NameMapSourceSchema": "?",
            "IsLockable": false,
            "AFDDataSourceName": ""
          },
          {
            "InvariantPropertyName": "BorderThickness",
            "AutoRuleBindingEnabled": false,
            "AutoRuleBindingString": "0",
            "NameMapSourceSchema": "?",
            "IsLockable": false,
            "AFDDataSourceName": ""
          }
        ],
        "IsLocked": false,
        "ControlUniqueId": "12",
        "Children": [
          {
            "Type": "ControlInfo",
            "Name": "ctrSectionHeader",
            "HasDynamicProperties": true,
            "DynamicProperties": [
              {
                "PropertyName": "FillPortions",
                "Rule": {
                  "Property": "FillPortions",
                  "Category": "Design",
                  "InvariantScript": "1",
                  "RuleProviderType": "Unknown"
                },
                "ControlPropertyState": "FillPortions"
              },
              {
                "PropertyName": "AlignInContainer",
                "Rule": {
                  "Property": "AlignInContainer",
                  "Category": "Design",
                  "InvariantScript": "AlignInContainer.Stretch",
                  "RuleProviderType": "Unknown"
                },
                "ControlPropertyState": "AlignInContainer"
              },
              {
                "PropertyName": "LayoutMinWidth",
                "Rule": {
                  "Property": "LayoutMinWidth",
                  "Category": "Design",
                  "InvariantScript": "250",
                  "RuleProviderType": "Unknown"
                },
                "ControlPropertyState": "LayoutMinWidth"
              },
              {
                "PropertyName": "LayoutMinHeight",
                "Rule": {
                  "Property": "LayoutMinHeight",
                  "Category": "Design",
                  "InvariantScript": "100",
                  "RuleProviderType": "Unknown"
                },
                "ControlPropertyState": "LayoutMinHeight"
              }
            ],
            "Template": {
              "Id": "http://microsoft.com/appmagic/groupContainer",
              "Version": "1.3.0",
              "LastModifiedTimestamp": "0",
              "Name": "groupContainer",
              "FirstParty": true,
              "IsPremiumPcfControl": false,
              "IsCustomGroupControlTemplate": false,
              "CustomGroupControlTemplateName": "",
              "IsComponentDefinition": false,
              "OverridableProperties": {}
            },
            "Index": 0,
            "PublishOrderIndex": 247,
            "VariantName": "horizontalAutoLayoutContainer",
            "LayoutName": "",
            "MetaDataIDKey": "",
            "PersistMetaDataIDKey": false,
            "IsFromScreenLayout": false,
            "StyleName": "defaultGroupContainerStyle",
            "Parent": "ctrSectionMain",
            "IsDataControl": false,
            "AllowAccessToGlobals": true,
            "OptimizeForDevices": "Off",
            "IsGroupControl": false,
            "IsAutoGenerated": false,
            "Rules": [
              {
                "Property": "BorderColor",
                "Category": "Design",
                "InvariantScript": "RGBA(225, 225, 225, 1)",
                "RuleProviderType": "User"
              },
              {
                "Property": "BorderStyle",
                "Category": "Design",
                "InvariantScript": "BorderStyle.Solid",
                "RuleProviderType": "Unknown"
              },
              {
                "Property": "Fill",
                "Category": "Design",
                "InvariantScript": "RGBA(248, 249, 250, 1)",
                "RuleProviderType": "User"
              },
              {
                "Property": "X",
                "Category": "Design",
                "InvariantScript": "0",
                "RuleProviderType": "Unknown"
              },
              {
                "Property": "Y",
                "Category": "Design",
                "InvariantScript": "0",
                "RuleProviderType": "Unknown"
              },
              {
                "Property": "Width",
                "Category": "Design",
                "InvariantScript": "Parent.Width",
                "RuleProviderType": "User"
              },
              {
                "Property": "Height",
                "Category": "Design",
                "InvariantScript": "50",
                "RuleProviderType": "Unknown"
              },
              {
                "Property": "DisplayMode",
                "Category": "Design",
                "InvariantScript": "DisplayMode.Edit",
                "RuleProviderType": "Unknown"
              },
              {
                "Property": "ChildTabPriority",
                "Category": "Design",
                "InvariantScript": "true",
                "RuleProviderType": "Unknown"
              },
              {
                "Property": "LayoutMode",
                "Category": "Design",
                "InvariantScript": "LayoutMode.Auto",
                "RuleProviderType": "Unknown"
              },
              {
                "Property": "LayoutDirection",
                "Category": "Design",
                "InvariantScript": "LayoutDirection.Horizontal",
                "RuleProviderType": "Unknown"
              },
              {
                "Property": "LayoutAlignItems",
                "Category": "Design",
                "InvariantScript": "LayoutAlignItems.Start",
                "RuleProviderType": "Unknown"
              },
              {
                "Property": "LayoutJustifyContent",
                "Category": "Design",
                "InvariantScript": "LayoutJustifyContent.Start",
                "RuleProviderType": "Unknown"
              },
              {
                "Property": "LayoutGap",
                "Category": "Design",
                "InvariantScript": "0",
                "RuleProviderType": "Unknown"
              },
              {
                "Property": "LayoutOverflowX",
                "Category": "Design",
                "InvariantScript": "LayoutOverflow.Hide",
                "RuleProviderType": "Unknown"
              },
              {
                "Property": "LayoutOverflowY",
                "Category": "Design",
                "InvariantScript": "LayoutOverflow.Hide",
                "RuleProviderType": "Unknown"
              },
              {
                "Property": "LayoutWrap",
                "Category": "Design",
                "InvariantScript": "false",
                "RuleProviderType": "Unknown"
              },
              {
                "Property": "DropShadow",
                "Category": "Design",
                "InvariantScript": "DropShadow.Light",
                "RuleProviderType": "Unknown"
              },
              {
                "Property": "ZIndex",
                "Category": "Design",
                "InvariantScript": "1",
                "RuleProviderType": "Unknown"
              },
              {
                "Property": "RadiusTopLeft",
                "Category": "Design",
                "InvariantScript": "4",
                "RuleProviderType": "Unknown"
              },
              {
                "Property": "RadiusTopRight",
                "Category": "Design",
                "InvariantScript": "4",
                "RuleProviderType": "Unknown"
              },
              {
                "Property": "RadiusBottomLeft",
                "Category": "Design",
                "InvariantScript": "4",
                "RuleProviderType": "Unknown"
              },
              {
                "Property": "RadiusBottomRight",
                "Category": "Design",
                "InvariantScript": "4",
                "RuleProviderType": "Unknown"
              }
            ],
            "ControlPropertyState": [
              {
                "InvariantPropertyName": "BorderColor",
                "AutoRuleBindingEnabled": false,
                "AutoRuleBindingString": "RGBA(0, 0, 0, 1)",
                "NameMapSourceSchema": "?",
                "IsLockable": false,
                "AFDDataSourceName": ""
              },
              "BorderStyle",
              {
                "InvariantPropertyName": "Fill",
                "AutoRuleBindingEnabled": false,
                "AutoRuleBindingString": "RGBA(0, 0, 0, 0)",
                "NameMapSourceSchema": "?",
                "IsLockable": false,
                "AFDDataSourceName": ""
              },
              "X",
              "Y",
              {
                "InvariantPropertyName": "Width",
                "AutoRuleBindingEnabled": false,
                "AutoRuleBindingString": "500",
                "NameMapSourceSchema": "?",
                "IsLockable": false,
                "AFDDataSourceName": ""
              },
              {
                "InvariantPropertyName": "Height",
                "AutoRuleBindingEnabled": false,
                "AutoRuleBindingString": "200",
                "NameMapSourceSchema": "?",
                "IsLockable": false,
                "AFDDataSourceName": ""
              },
              "DisplayMode",
              "ChildTabPriority",
              "LayoutMode",
              "LayoutDirection",
              "LayoutAlignItems",
              "LayoutJustifyContent",
              "LayoutGap",
              "LayoutOverflowX",
              "LayoutOverflowY",
              "LayoutWrap",
              "DropShadow",
              "ZIndex",
              "RadiusTopLeft",
              "RadiusTopRight",
              "RadiusBottomLeft",
              "RadiusBottomRight"
            ],
            "IsLocked": false,
            "ControlUniqueId": "13",
            "Children": [
              {
                "Type": "ControlInfo",
                "Name": "lblSectionTitle",
                "HasDynamicProperties": true,
                "DynamicProperties": [
                  {
                    "PropertyName": "FillPortions",
                    "Rule": {
                      "Property": "FillPortions",
                      "Category": "Design",
                      "InvariantScript": "0",
                      "RuleProviderType": "Unknown"
                    },
                    "ControlPropertyState": "FillPortions"
                  },
                  {
                    "PropertyName": "AlignInContainer",
                    "Rule": {
                      "Property": "AlignInContainer",
                      "Category": "Design",
                      "InvariantScript": "AlignInContainer.Center",
                      "RuleProviderType": "Unknown"
                    },
                    "ControlPropertyState": {
                      "InvariantPropertyName": "AlignInContainer",
                      "AutoRuleBindingEnabled": false,
                      "AutoRuleBindingString": "",
                      "NameMapSourceSchema": "?",
                      "IsLockable": false,
                      "AFDDataSourceName": ""
                    }
                  },
                  {
                    "PropertyName": "LayoutMinWidth",
                    "Rule": {
                      "Property": "LayoutMinWidth",
                      "Category": "Design",
                      "InvariantScript": "150",
                      "RuleProviderType": "Unknown"
                    },
                    "ControlPropertyState": "LayoutMinWidth"
                  },
                  {
                    "PropertyName": "LayoutMinHeight",
                    "Rule": {
                      "Property": "LayoutMinHeight",
                      "Category": "Design",
                      "InvariantScript": "40",
                      "RuleProviderType": "Unknown"
                    },
                    "ControlPropertyState": "LayoutMinHeight"
                  }
                ],
                "Template": {
                  "Id": "http://microsoft.com/appmagic/label",
                  "Version": "2.5.1",
                  "LastModifiedTimestamp": "0",
                  "Name": "label",
                  "FirstParty": true,
                  "IsPremiumPcfControl": false,
                  "IsCustomGroupControlTemplate": false,
                  "CustomGroupControlTemplateName": "",
                  "IsComponentDefinition": false,
                  "OverridableProperties": {}
                },
                "Index": 0,
                "PublishOrderIndex": 248,
                "VariantName": "",
                "LayoutName": "",
                "MetaDataIDKey": "",
                "PersistMetaDataIDKey": false,
                "IsFromScreenLayout": false,
                "StyleName": "defaultLabelStyle",
                "Parent": "ctrSectionHeader",
                "IsDataControl": false,
                "AllowAccessToGlobals": true,
                "OptimizeForDevices": "Off",
                "IsGroupControl": false,
                "IsAutoGenerated": false,
                "Rules": [
                  {
                    "Property": "Live",
                    "Category": "Data",
                    "InvariantScript": "Live.Off",
                    "RuleProviderType": "Unknown"
                  },
                  {
                    "Property": "Text",
                    "Category": "Data",
                    "InvariantScript": "TaskSection.SectionTitle",
                    "RuleProviderType": "User"
                  },
                  {
                    "Property": "Role",
                    "Category": "Data",
                    "InvariantScript": "TextRole.Default",
                    "RuleProviderType": "Unknown"
                  },
                  {
                    "Property": "Overflow",
                    "Category": "Design",
                    "InvariantScript": "Overflow.Hidden",
                    "RuleProviderType": "Unknown"
                  },
                  {
                    "Property": "Color",
                    "Category": "Design",
                    "InvariantScript": "RGBA(44, 90, 160, 1)",
                    "RuleProviderType": "User"
                  },
                  {
                    "Property": "DisabledColor",
                    "Category": "Design",
                    "InvariantScript": "RGBA(166, 166, 166, 1)",
                    "RuleProviderType": "Unknown"
                  },
                  {
                    "Property": "PressedColor",
                    "Category": "Design",
                    "InvariantScript": "Self.Color",
                    "RuleProviderType": "Unknown"
                  },
                  {
                    "Property": "HoverColor",
                    "Category": "Design",
                    "InvariantScript": "Self.Color",
                    "RuleProviderType": "Unknown"
                  },
                  {
                    "Property": "BorderColor",
                    "Category": "Design",
                    "InvariantScript": "RGBA(0, 18, 107, 1)",
                    "RuleProviderType": "Unknown"
                  },
                  {
                    "Property": "DisabledBorderColor",
                    "Category": "Design",
                    "InvariantScript": "RGBA(56, 56, 56, 1)",
                    "RuleProviderType": "Unknown"
                  },
                  {
                    "Property": "PressedBorderColor",
                    "Category": "Design",
                    "InvariantScript": "Self.BorderColor",
                    "RuleProviderType": "Unknown"
                  },
                  {
                    "Property": "HoverBorderColor",
                    "Category": "Design",
                    "InvariantScript": "Self.BorderColor",
                    "RuleProviderType": "Unknown"
                  },
                  {
                    "Property": "BorderStyle",
                    "Category": "Design",
                    "InvariantScript": "BorderStyle.Solid",
                    "RuleProviderType": "Unknown"
                  },
                  {
                    "Property": "FocusedBorderColor",
                    "Category": "Design",
                    "InvariantScript": "Self.BorderColor",
                    "RuleProviderType": "Unknown"
                  },
                  {
                    "Property": "Fill",
                    "Category": "Design",
                    "InvariantScript": "RGBA(0, 0, 0, 0)",
                    "RuleProviderType": "Unknown"
                  },
                  {
                    "Property": "DisabledFill",
                    "Category": "Design",
                    "InvariantScript": "RGBA(0, 0, 0, 0)",
                    "RuleProviderType": "Unknown"
                  },
                  {
                    "Property": "PressedFill",
                    "Category": "Design",
                    "InvariantScript": "Self.Fill",
                    "RuleProviderType": "Unknown"
                  },
                  {
                    "Property": "HoverFill",
                    "Category": "Design",
                    "InvariantScript": "Self.Fill",
                    "RuleProviderType": "Unknown"
                  },
                  {
                    "Property": "Font",
                    "Category": "Design",
                    "InvariantScript": "Font.'Segoe UI'",
                    "RuleProviderType": "Unknown"
                  },
                  {
                    "Property": "FontWeight",
                    "Category": "Design",
                    "InvariantScript": "FontWeight.Semibold",
                    "RuleProviderType": "Unknown"
                  },
                  {
                    "Property": "Align",
                    "Category": "Design",
                    "InvariantScript": "Align.Left",
                    "RuleProviderType": "Unknown"
                  },
                  {
                    "Property": "VerticalAlign",
                    "Category": "Design",
                    "InvariantScript": "VerticalAlign.Middle",
                    "RuleProviderType": "Unknown"
                  },
                  {
                    "Property": "X",
                    "Category": "Design",
                    "InvariantScript": "0",
                    "RuleProviderType": "Unknown"
                  },
                  {
                    "Property": "Y",
                    "Category": "Design",
                    "InvariantScript": "0",
                    "RuleProviderType": "Unknown"
                  },
                  {
                    "Property": "Width",
                    "Category": "Design",
                    "InvariantScript": "Parent.Width - 60",
                    "RuleProviderType": "User"
                  },
                  {
                    "Property": "Height",
                    "Category": "Design",
                    "InvariantScript": "Parent.Height",
                    "RuleProviderType": "User"
                  },
                  {
                    "Property": "DisplayMode",
                    "Category": "Design",
                    "InvariantScript": "DisplayMode.Edit",
                    "RuleProviderType": "Unknown"
                  },
                  {
                    "Property": "ZIndex",
                    "Category": "Design",
                    "InvariantScript": "1",
                    "RuleProviderType": "Unknown"
                  },
                  {
                    "Property": "LineHeight",
                    "Category": "Design",
                    "InvariantScript": "1.2",
                    "RuleProviderType": "Unknown"
                  },
                  {
                    "Property": "BorderThickness",
                    "Category": "Design",
                    "InvariantScript": "0",
                    "RuleProviderType": "Unknown"
                  },
                  {
                    "Property": "FocusedBorderThickness",
                    "Category": "Design",
                    "InvariantScript": "0",
                    "RuleProviderType": "Unknown"
                  },
                  {
                    "Property": "Size",
                    "Category": "Design",
                    "InvariantScript": "16",
                    "RuleProviderType": "Unknown"
                  },
                  {
                    "Property": "Italic",
                    "Category": "Design",
                    "InvariantScript": "false",
                    "RuleProviderType": "Unknown"
                  },
                  {
                    "Property": "Underline",
                    "Category": "Design",
                    "InvariantScript": "false",
                    "RuleProviderType": "Unknown"
                  },
                  {
                    "Property": "Strikethrough",
                    "Category": "Design",
                    "InvariantScript": "false",
                    "RuleProviderType": "Unknown"
                  },
                  {
                    "Property": "PaddingTop",
                    "Category": "Design",
                    "InvariantScript": "0",
                    "RuleProviderType": "Unknown"
                  },
                  {
                    "Property": "PaddingRight",
                    "Category": "Design",
                    "InvariantScript": "0",
                    "RuleProviderType": "Unknown"
                  },
                  {
                    "Property": "PaddingBottom",
                    "Category": "Design",
                    "InvariantScript": "0",
                    "RuleProviderType": "Unknown"
                  },
                  {
                    "Property": "PaddingLeft",
                    "Category": "Design",
                    "InvariantScript": "15",
                    "RuleProviderType": "Unknown"
                  }
                ],
                "ControlPropertyState": [
                  "Live",
                  "Overflow",
                  {
                    "InvariantPropertyName": "Text",
                    "AutoRuleBindingEnabled": false,
                    "AutoRuleBindingString": "\"Text\"",
                    "NameMapSourceSchema": "?",
                    "IsLockable": false,
                    "AFDDataSourceName": ""
                  },
                  "Role",
                  {
                    "InvariantPropertyName": "Color",
                    "AutoRuleBindingEnabled": false,
                    "AutoRuleBindingString": "RGBA(0, 0, 0, 1)",
                    "NameMapSourceSchema": "?",
                    "IsLockable": false,
                    "AFDDataSourceName": ""
                  },
                  "DisabledColor",
                  "PressedColor",
                  "HoverColor",
                  "BorderColor",
                  "DisabledBorderColor",
                  "PressedBorderColor",
                  "HoverBorderColor",
                  "BorderStyle",
                  "FocusedBorderColor",
                  "Fill",
                  "DisabledFill",
                  "PressedFill",
                  "HoverFill",
                  {
                    "InvariantPropertyName": "Font",
                    "AutoRuleBindingEnabled": false,
                    "AutoRuleBindingString": "",
                    "NameMapSourceSchema": "?",
                    "IsLockable": false,
                    "AFDDataSourceName": ""
                  },
                  {
                    "InvariantPropertyName": "FontWeight",
                    "AutoRuleBindingEnabled": false,
                    "AutoRuleBindingString": "",
                    "NameMapSourceSchema": "?",
                    "IsLockable": false,
                    "AFDDataSourceName": ""
                  },
                  "Align",
                  "VerticalAlign",
                  "X",
                  "Y",
                  {
                    "InvariantPropertyName": "Width",
                    "AutoRuleBindingEnabled": false,
                    "AutoRuleBindingString": "150",
                    "NameMapSourceSchema": "?",
                    "IsLockable": false,
                    "AFDDataSourceName": ""
                  },
                  {
                    "InvariantPropertyName": "Height",
                    "AutoRuleBindingEnabled": false,
                    "AutoRuleBindingString": "40",
                    "NameMapSourceSchema": "?",
                    "IsLockable": false,
                    "AFDDataSourceName": ""
                  },
                  "DisplayMode",
                  "ZIndex",
                  "LineHeight",
                  "BorderThickness",
                  "FocusedBorderThickness",
                  {
                    "InvariantPropertyName": "Size",
                    "AutoRuleBindingEnabled": false,
                    "AutoRuleBindingString": "",
                    "NameMapSourceSchema": "?",
                    "IsLockable": false,
                    "AFDDataSourceName": ""
                  },
                  "Italic",
                  "Underline",
                  "Strikethrough",
                  {
                    "InvariantPropertyName": "PaddingTop",
                    "AutoRuleBindingEnabled": false,
                    "AutoRuleBindingString": "",
                    "NameMapSourceSchema": "?",
                    "IsLockable": false,
                    "AFDDataSourceName": ""
                  },
                  {
                    "InvariantPropertyName": "PaddingRight",
                    "AutoRuleBindingEnabled": false,
                    "AutoRuleBindingString": "",
                    "NameMapSourceSchema": "?",
                    "IsLockable": false,
                    "AFDDataSourceName": ""
                  },
                  {
                    "InvariantPropertyName": "PaddingBottom",
                    "AutoRuleBindingEnabled": false,
                    "AutoRuleBindingString": "",
                    "NameMapSourceSchema": "?",
                    "IsLockable": false,
                    "AFDDataSourceName": ""
                  },
                  {
                    "InvariantPropertyName": "PaddingLeft",
                    "AutoRuleBindingEnabled": false,
                    "AutoRuleBindingString": "",
                    "NameMapSourceSchema": "?",
                    "IsLockable": false,
                    "AFDDataSourceName": ""
                  }
                ],
                "IsLocked": false,
                "ControlUniqueId": "14",
                "Children": []
              },
              {
                "Type": "ControlInfo",
                "Name": "btnToggleSection",
                "HasDynamicProperties": true,
                "DynamicProperties": [
                  {
                    "PropertyName": "FillPortions",
                    "Rule": {
                      "Property": "FillPortions",
                      "Category": "Design",
                      "InvariantScript": "0",
                      "RuleProviderType": "Unknown"
                    },
                    "ControlPropertyState": "FillPortions"
                  },
                  {
                    "PropertyName": "AlignInContainer",
                    "Rule": {
                      "Property": "AlignInContainer",
                      "Category": "Design",
                      "InvariantScript": "AlignInContainer.SetByContainer",
                      "RuleProviderType": "Unknown"
                    },
                    "ControlPropertyState": "AlignInContainer"
                  },
                  {
                    "PropertyName": "LayoutMinWidth",
                    "Rule": {
                      "Property": "LayoutMinWidth",
                      "Category": "Design",
                      "InvariantScript": "160",
                      "RuleProviderType": "Unknown"
                    },
                    "ControlPropertyState": "LayoutMinWidth"
                  },
                  {
                    "PropertyName": "LayoutMinHeight",
                    "Rule": {
                      "Property": "LayoutMinHeight",
                      "Category": "Design",
                      "InvariantScript": "40",
                      "RuleProviderType": "Unknown"
                    },
                    "ControlPropertyState": "LayoutMinHeight"
                  }
                ],
                "Template": {
                  "Id": "http://microsoft.com/appmagic/button",
                  "Version": "2.2.0",
                  "LastModifiedTimestamp": "0",
                  "Name": "button",
                  "FirstParty": true,
                  "IsPremiumPcfControl": false,
                  "IsCustomGroupControlTemplate": false,
                  "CustomGroupControlTemplateName": "",
                  "IsComponentDefinition": false,
                  "OverridableProperties": {}
                },
                "Index": 0,
                "PublishOrderIndex": 249,
                "VariantName": "",
                "LayoutName": "",
                "MetaDataIDKey": "",
                "PersistMetaDataIDKey": false,
                "IsFromScreenLayout": false,
                "StyleName": "defaultButtonStyle",
                "Parent": "ctrSectionHeader",
                "IsDataControl": false,
                "AllowAccessToGlobals": true,
                "OptimizeForDevices": "Off",
                "IsGroupControl": false,
                "IsAutoGenerated": false,
                "Rules": [
                  {
                    "Property": "Text",
                    "Category": "Data",
                    "InvariantScript": "If(TaskSection.IsExpanded, \"▼\", \"▶\")",
                    "RuleProviderType": "User"
                  },
                  {
                    "Property": "BorderColor",
                    "Category": "Design",
                    "InvariantScript": "Color.Transparent",
                    "RuleProviderType": "User"
                  },
                  {
                    "Property": "DisabledBorderColor",
                    "Category": "Design",
                    "InvariantScript": "RGBA(166, 166, 166, 1)",
                    "RuleProviderType": "Unknown"
                  },
                  {
                    "Property": "PressedBorderColor",
                    "Category": "Design",
                    "InvariantScript": "Self.Fill",
                    "RuleProviderType": "Unknown"
                  },
                  {
                    "Property": "HoverBorderColor",
                    "Category": "Design",
                    "InvariantScript": "ColorFade(Self.BorderColor, 20%)",
                    "RuleProviderType": "Unknown"
                  },
                  {
                    "Property": "BorderStyle",
                    "Category": "Design",
                    "InvariantScript": "BorderStyle.Solid",
                    "RuleProviderType": "Unknown"
                  },
                  {
                    "Property": "FocusedBorderColor",
                    "Category": "Design",
                    "InvariantScript": "Self.BorderColor",
                    "RuleProviderType": "Unknown"
                  },
                  {
                    "Property": "Color",
                    "Category": "Design",
                    "InvariantScript": "RGBA(96, 94, 92, 1)",
                    "RuleProviderType": "User"
                  },
                  {
                    "Property": "DisabledColor",
                    "Category": "Design",
                    "InvariantScript": "RGBA(166, 166, 166, 1)",
                    "RuleProviderType": "Unknown"
                  },
                  {
                    "Property": "PressedColor",
                    "Category": "Design",
                    "InvariantScript": "Self.Fill",
                    "RuleProviderType": "Unknown"
                  },
                  {
                    "Property": "HoverColor",
                    "Category": "Design",
                    "InvariantScript": "RGBA(255, 255, 255, 1)",
                    "RuleProviderType": "Unknown"
                  },
                  {
                    "Property": "DisplayMode",
                    "Category": "Design",
                    "InvariantScript": "DisplayMode.Edit",
                    "RuleProviderType": "Unknown"
                  },
                  {
                    "Property": "Fill",
                    "Category": "Design",
                    "InvariantScript": "Color.Transparent",
                    "RuleProviderType": "User"
                  },
                  {
                    "Property": "DisabledFill",
                    "Category": "Design",
                    "InvariantScript": "RGBA(244, 244, 244, 1)",
                    "RuleProviderType": "Unknown"
                  },
                  {
                    "Property": "PressedFill",
                    "Category": "Design",
                    "InvariantScript": "Self.Color",
                    "RuleProviderType": "Unknown"
                  },
                  {
                    "Property": "HoverFill",
                    "Category": "Design",
                    "InvariantScript": "ColorFade(RGBA(56, 96, 178, 1), -20%)",
                    "RuleProviderType": "Unknown"
                  },
                  {
                    "Property": "Font",
                    "Category": "Design",
                    "InvariantScript": "Font.'Segoe UI'",
                    "RuleProviderType": "Unknown"
                  },
                  {
                    "Property": "FontWeight",
                    "Category": "Design",
                    "InvariantScript": "FontWeight.Semibold",
                    "RuleProviderType": "Unknown"
                  },
                  {
                    "Property": "Align",
                    "Category": "Design",
                    "InvariantScript": "Align.Center",
                    "RuleProviderType": "Unknown"
                  },
                  {
                    "Property": "VerticalAlign",
                    "Category": "Design",
                    "InvariantScript": "VerticalAlign.Middle",
                    "RuleProviderType": "Unknown"
                  },
                  {
                    "Property": "X",
                    "Category": "Design",
                    "InvariantScript": "Parent.Width - Self.Width - 10",
                    "RuleProviderType": "User"
                  },
                  {
                    "Property": "Y",
                    "Category": "Design",
                    "InvariantScript": "10",
                    "RuleProviderType": "Unknown"
                  },
                  {
                    "Property": "Width",
                    "Category": "Design",
                    "InvariantScript": "40",
                    "RuleProviderType": "Unknown"
                  },
                  {
                    "Property": "Height",
                    "Category": "Design",
                    "InvariantScript": "30",
                    "RuleProviderType": "Unknown"
                  },
                  {
                    "Property": "ZIndex",
                    "Category": "Design",
                    "InvariantScript": "2",
                    "RuleProviderType": "Unknown"
                  },
                  {
                    "Property": "RadiusTopLeft",
                    "Category": "Design",
                    "InvariantScript": "10",
                    "RuleProviderType": "Unknown"
                  },
                  {
                    "Property": "RadiusTopRight",
                    "Category": "Design",
                    "InvariantScript": "10",
                    "RuleProviderType": "Unknown"
                  },
                  {
                    "Property": "RadiusBottomLeft",
                    "Category": "Design",
                    "InvariantScript": "10",
                    "RuleProviderType": "Unknown"
                  },
                  {
                    "Property": "RadiusBottomRight",
                    "Category": "Design",
                    "InvariantScript": "10",
                    "RuleProviderType": "Unknown"
                  },
                  {
                    "Property": "BorderThickness",
                    "Category": "Design",
                    "InvariantScript": "2",
                    "RuleProviderType": "Unknown"
                  },
                  {
                    "Property": "FocusedBorderThickness",
                    "Category": "Design",
                    "InvariantScript": "4",
                    "RuleProviderType": "Unknown"
                  },
                  {
                    "Property": "Size",
                    "Category": "Design",
                    "InvariantScript": "12",
                    "RuleProviderType": "Unknown"
                  },
                  {
                    "Property": "Italic",
                    "Category": "Design",
                    "InvariantScript": "false",
                    "RuleProviderType": "Unknown"
                  },
                  {
                    "Property": "Underline",
                    "Category": "Design",
                    "InvariantScript": "false",
                    "RuleProviderType": "Unknown"
                  },
                  {
                    "Property": "Strikethrough",
                    "Category": "Design",
                    "InvariantScript": "false",
                    "RuleProviderType": "Unknown"
                  },
                  {
                    "Property": "Visible",
                    "Category": "Design",
                    "InvariantScript": "TaskSection.IsCollapsible",
                    "RuleProviderType": "User"
                  },
                  {
                    "Property": "OnSelect",
                    "Category": "Behavior",
                    "InvariantScript": "//false // Will be handled by parent when component is used\r\n/* Will need parent state management */",
                    "RuleProviderType": "User"
                  }
                ],
                "ControlPropertyState": [
                  {
                    "InvariantPropertyName": "Text",
                    "AutoRuleBindingEnabled": false,
                    "AutoRuleBindingString": "\"Button\"",
                    "NameMapSourceSchema": "?",
                    "IsLockable": false,
                    "AFDDataSourceName": ""
                  },
                  {
                    "InvariantPropertyName": "BorderColor",
                    "AutoRuleBindingEnabled": false,
                    "AutoRuleBindingString": "ColorFade(Self.Fill, -15%)",
                    "NameMapSourceSchema": "?",
                    "IsLockable": false,
                    "AFDDataSourceName": ""
                  },
                  "DisabledBorderColor",
                  "PressedBorderColor",
                  "HoverBorderColor",
                  "BorderStyle",
                  "FocusedBorderColor",
                  {
                    "InvariantPropertyName": "Color",
                    "AutoRuleBindingEnabled": false,
                    "AutoRuleBindingString": "RGBA(255, 255, 255, 1)",
                    "NameMapSourceSchema": "?",
                    "IsLockable": false,
                    "AFDDataSourceName": ""
                  },
                  "DisabledColor",
                  "PressedColor",
                  "HoverColor",
                  "DisplayMode",
                  {
                    "InvariantPropertyName": "Fill",
                    "AutoRuleBindingEnabled": false,
                    "AutoRuleBindingString": "RGBA(56, 96, 178, 1)",
                    "NameMapSourceSchema": "?",
                    "IsLockable": false,
                    "AFDDataSourceName": ""
                  },
                  "DisabledFill",
                  "PressedFill",
                  "HoverFill",
                  {
                    "InvariantPropertyName": "Font",
                    "AutoRuleBindingEnabled": false,
                    "AutoRuleBindingString": "",
                    "NameMapSourceSchema": "?",
                    "IsLockable": false,
                    "AFDDataSourceName": ""
                  },
                  "FontWeight",
                  "Align",
                  "VerticalAlign",
                  {
                    "InvariantPropertyName": "X",
                    "AutoRuleBindingEnabled": false,
                    "AutoRuleBindingString": "0",
                    "NameMapSourceSchema": "?",
                    "IsLockable": false,
                    "AFDDataSourceName": ""
                  },
                  {
                    "InvariantPropertyName": "Y",
                    "AutoRuleBindingEnabled": false,
                    "AutoRuleBindingString": "0",
                    "NameMapSourceSchema": "?",
                    "IsLockable": false,
                    "AFDDataSourceName": ""
                  },
                  {
                    "InvariantPropertyName": "Width",
                    "AutoRuleBindingEnabled": false,
                    "AutoRuleBindingString": "",
                    "NameMapSourceSchema": "?",
                    "IsLockable": false,
                    "AFDDataSourceName": ""
                  },
                  {
                    "InvariantPropertyName": "Height",
                    "AutoRuleBindingEnabled": false,
                    "AutoRuleBindingString": "",
                    "NameMapSourceSchema": "?",
                    "IsLockable": false,
                    "AFDDataSourceName": ""
                  },
                  "ZIndex",
                  "RadiusTopLeft",
                  "RadiusTopRight",
                  "RadiusBottomLeft",
                  "RadiusBottomRight",
                  "BorderThickness",
                  "FocusedBorderThickness",
                  {
                    "InvariantPropertyName": "Size",
                    "AutoRuleBindingEnabled": false,
                    "AutoRuleBindingString": "",
                    "NameMapSourceSchema": "?",
                    "IsLockable": false,
                    "AFDDataSourceName": ""
                  },
                  "Italic",
                  "Underline",
                  "Strikethrough",
                  {
                    "InvariantPropertyName": "Visible",
                    "AutoRuleBindingEnabled": false,
                    "AutoRuleBindingString": "true",
                    "NameMapSourceSchema": "?",
                    "IsLockable": false,
                    "AFDDataSourceName": ""
                  },
                  {
                    "InvariantPropertyName": "OnSelect",
                    "AutoRuleBindingEnabled": false,
                    "AutoRuleBindingString": "false",
                    "NameMapSourceSchema": "?",
                    "IsLockable": false,
                    "AFDDataSourceName": ""
                  }
                ],
                "IsLocked": false,
                "ControlUniqueId": "15",
                "Children": []
              }
            ]
          },
          {
            "Type": "ControlInfo",
            "Name": "ctrSectionContent",
            "HasDynamicProperties": true,
            "DynamicProperties": [
              {
                "PropertyName": "FillPortions",
                "Rule": {
                  "Property": "FillPortions",
                  "Category": "Design",
                  "InvariantScript": "1",
                  "RuleProviderType": "Unknown"
                },
                "ControlPropertyState": "FillPortions"
              },
              {
                "PropertyName": "AlignInContainer",
                "Rule": {
                  "Property": "AlignInContainer",
                  "Category": "Design",
                  "InvariantScript": "AlignInContainer.Stretch",
                  "RuleProviderType": "Unknown"
                },
                "ControlPropertyState": "AlignInContainer"
              },
              {
                "PropertyName": "LayoutMinWidth",
                "Rule": {
                  "Property": "LayoutMinWidth",
                  "Category": "Design",
                  "InvariantScript": "250",
                  "RuleProviderType": "Unknown"
                },
                "ControlPropertyState": "LayoutMinWidth"
              },
              {
                "PropertyName": "LayoutMinHeight",
                "Rule": {
                  "Property": "LayoutMinHeight",
                  "Category": "Design",
                  "InvariantScript": "100",
                  "RuleProviderType": "Unknown"
                },
                "ControlPropertyState": "LayoutMinHeight"
              }
            ],
            "Template": {
              "Id": "http://microsoft.com/appmagic/groupContainer",
              "Version": "1.3.0",
              "LastModifiedTimestamp": "0",
              "Name": "groupContainer",
              "FirstParty": true,
              "IsPremiumPcfControl": false,
              "IsCustomGroupControlTemplate": false,
              "CustomGroupControlTemplateName": "",
              "IsComponentDefinition": false,
              "OverridableProperties": {}
            },
            "Index": 0,
            "PublishOrderIndex": 250,
            "VariantName": "verticalAutoLayoutContainer",
            "LayoutName": "",
            "MetaDataIDKey": "",
            "PersistMetaDataIDKey": false,
            "IsFromScreenLayout": false,
            "StyleName": "defaultGroupContainerStyle",
            "Parent": "ctrSectionMain",
            "IsDataControl": false,
            "AllowAccessToGlobals": true,
            "OptimizeForDevices": "Off",
            "IsGroupControl": false,
            "IsAutoGenerated": false,
            "Rules": [
              {
                "Property": "BorderColor",
                "Category": "Design",
                "InvariantScript": "RGBA(0, 0, 0, 1)",
                "RuleProviderType": "Unknown"
              },
              {
                "Property": "BorderStyle",
                "Category": "Design",
                "InvariantScript": "BorderStyle.Solid",
                "RuleProviderType": "Unknown"
              },
              {
                "Property": "Fill",
                "Category": "Design",
                "InvariantScript": "Color.White",
                "RuleProviderType": "User"
              },
              {
                "Property": "X",
                "Category": "Design",
                "InvariantScript": "0",
                "RuleProviderType": "Unknown"
              },
              {
                "Property": "Y",
                "Category": "Design",
                "InvariantScript": "0",
                "RuleProviderType": "Unknown"
              },
              {
                "Property": "Width",
                "Category": "Design",
                "InvariantScript": "Parent.Width",
                "RuleProviderType": "User"
              },
              {
                "Property": "Height",
                "Category": "Design",
                "InvariantScript": "Parent.Height - 50",
                "RuleProviderType": "User"
              },
              {
                "Property": "DisplayMode",
                "Category": "Design",
                "InvariantScript": "DisplayMode.Edit",
                "RuleProviderType": "Unknown"
              },
              {
                "Property": "ChildTabPriority",
                "Category": "Design",
                "InvariantScript": "true",
                "RuleProviderType": "Unknown"
              },
              {
                "Property": "LayoutMode",
                "Category": "Design",
                "InvariantScript": "LayoutMode.Auto",
                "RuleProviderType": "Unknown"
              },
              {
                "Property": "LayoutDirection",
                "Category": "Design",
                "InvariantScript": "LayoutDirection.Vertical",
                "RuleProviderType": "Unknown"
              },
              {
                "Property": "LayoutAlignItems",
                "Category": "Design",
                "InvariantScript": "LayoutAlignItems.Start",
                "RuleProviderType": "Unknown"
              },
              {
                "Property": "LayoutJustifyContent",
                "Category": "Design",
                "InvariantScript": "LayoutJustifyContent.Start",
                "RuleProviderType": "Unknown"
              },
              {
                "Property": "LayoutGap",
                "Category": "Design",
                "InvariantScript": "0",
                "RuleProviderType": "Unknown"
              },
              {
                "Property": "LayoutOverflowX",
                "Category": "Design",
                "InvariantScript": "LayoutOverflow.Hide",
                "RuleProviderType": "Unknown"
              },
              {
                "Property": "LayoutOverflowY",
                "Category": "Design",
                "InvariantScript": "LayoutOverflow.Hide",
                "RuleProviderType": "Unknown"
              },
              {
                "Property": "LayoutWrap",
                "Category": "Design",
                "InvariantScript": "false",
                "RuleProviderType": "Unknown"
              },
              {
                "Property": "DropShadow",
                "Category": "Design",
                "InvariantScript": "DropShadow.Light",
                "RuleProviderType": "Unknown"
              },
              {
                "Property": "ZIndex",
                "Category": "Design",
                "InvariantScript": "2",
                "RuleProviderType": "Unknown"
              },
              {
                "Property": "RadiusTopLeft",
                "Category": "Design",
                "InvariantScript": "4",
                "RuleProviderType": "Unknown"
              },
              {
                "Property": "RadiusTopRight",
                "Category": "Design",
                "InvariantScript": "4",
                "RuleProviderType": "Unknown"
              },
              {
                "Property": "RadiusBottomLeft",
                "Category": "Design",
                "InvariantScript": "4",
                "RuleProviderType": "Unknown"
              },
              {
                "Property": "RadiusBottomRight",
                "Category": "Design",
                "InvariantScript": "4",
                "RuleProviderType": "Unknown"
              },
              {
                "Property": "Visible",
                "Category": "Design",
                "InvariantScript": "TaskSection.IsExpanded",
                "RuleProviderType": "User"
              },
              {
                "Property": "PaddingTop",
                "Category": "Design",
                "InvariantScript": "10",
                "RuleProviderType": "Unknown"
              },
              {
                "Property": "PaddingBottom",
                "Category": "Design",
                "InvariantScript": "10",
                "RuleProviderType": "Unknown"
              },
              {
                "Property": "PaddingLeft",
                "Category": "Design",
                "InvariantScript": "15",
                "RuleProviderType": "Unknown"
              },
              {
                "Property": "PaddingRight",
                "Category": "Design",
                "InvariantScript": "15",
                "RuleProviderType": "Unknown"
              }
            ],
            "ControlPropertyState": [
              "BorderColor",
              "BorderStyle",
              {
                "InvariantPropertyName": "Fill",
                "AutoRuleBindingEnabled": false,
                "AutoRuleBindingString": "RGBA(0, 0, 0, 0)",
                "NameMapSourceSchema": "?",
                "IsLockable": false,
                "AFDDataSourceName": ""
              },
              "X",
              "Y",
              {
                "InvariantPropertyName": "Width",
                "AutoRuleBindingEnabled": false,
                "AutoRuleBindingString": "500",
                "NameMapSourceSchema": "?",
                "IsLockable": false,
                "AFDDataSourceName": ""
              },
              {
                "InvariantPropertyName": "Height",
                "AutoRuleBindingEnabled": false,
                "AutoRuleBindingString": "200",
                "NameMapSourceSchema": "?",
                "IsLockable": false,
                "AFDDataSourceName": ""
              },
              "DisplayMode",
              "ChildTabPriority",
              "LayoutMode",
              "LayoutDirection",
              "LayoutAlignItems",
              "LayoutJustifyContent",
              "LayoutGap",
              "LayoutOverflowX",
              "LayoutOverflowY",
              "LayoutWrap",
              "DropShadow",
              "ZIndex",
              "RadiusTopLeft",
              "RadiusTopRight",
              "RadiusBottomLeft",
              "RadiusBottomRight",
              {
                "InvariantPropertyName": "Visible",
                "AutoRuleBindingEnabled": false,
                "AutoRuleBindingString": "true",
                "NameMapSourceSchema": "?",
                "IsLockable": false,
                "AFDDataSourceName": ""
              },
              {
                "InvariantPropertyName": "PaddingTop",
                "AutoRuleBindingEnabled": false,
                "AutoRuleBindingString": "",
                "NameMapSourceSchema": "?",
                "IsLockable": false,
                "AFDDataSourceName": ""
              },
              {
                "InvariantPropertyName": "PaddingBottom",
                "AutoRuleBindingEnabled": false,
                "AutoRuleBindingString": "",
                "NameMapSourceSchema": "?",
                "IsLockable": false,
                "AFDDataSourceName": ""
              },
              {
                "InvariantPropertyName": "PaddingLeft",
                "AutoRuleBindingEnabled": false,
                "AutoRuleBindingString": "",
                "NameMapSourceSchema": "?",
                "IsLockable": false,
                "AFDDataSourceName": ""
              },
              {
                "InvariantPropertyName": "PaddingRight",
                "AutoRuleBindingEnabled": false,
                "AutoRuleBindingString": "",
                "NameMapSourceSchema": "?",
                "IsLockable": false,
                "AFDDataSourceName": ""
              }
            ],
            "IsLocked": false,
            "ControlUniqueId": "16",
            "Children": []
          }
        ]
      }
    ]
  }
}