{
  "TopParent": {
    "Type": "ControlInfo",
    "Name": "App",
    "Template": {
      "Id": "http://microsoft.com/appmagic/appinfo",
      "Version": "1.0",
      "LastModifiedTimestamp": "0",
      "Name": "appinfo",
      "FirstParty": true,
      "IsPremiumPcfControl": false,
      "IsCustomGroupControlTemplate": false,
      "CustomGroupControlTemplateName": "",
      "IsComponentDefinition": false,
      "OverridableProperties": {}
    },
    "Index": 0,
    "PublishOrderIndex": 0,
    "VariantName": "",
    "LayoutName": "",
    "MetaDataIDKey": "",
    "PersistMetaDataIDKey": false,
    "IsFromScreenLayout": false,
    "StyleName": "",
    "Parent": "",
    "IsDataControl": true,
    "AllowAccessToGlobals": true,
    "OptimizeForDevices": "Off",
    "IsGroupControl": false,
    "IsAutoGenerated": false,
    "Rules": [
      {
        "Property": "ConfirmExit",
        "Category": "Data",
        "InvariantScript": "false",
        "RuleProviderType": "Unknown"
      },
      {
        "Property": "BackEnabled",
        "Category": "Data",
        "InvariantScript": "true",
        "RuleProviderType": "Unknown"
      },
      {
        "Property": "MinScreenHeight",
        "Category": "Design",
        "InvariantScript": "320",
        "RuleProviderType": "Unknown"
      },
      {
        "Property": "MinScreenWidth",
        "Category": "Design",
        "InvariantScript": "320",
        "RuleProviderType": "Unknown"
      },
      {
        "Property": "Theme",
        "Category": "Design",
        "InvariantScript": "PowerAppsTheme",
        "RuleProviderType": "Unknown"
      },
      {
        "Property": "OnStart",
        "Category": "Behavior",
        "InvariantScript": "//==============================\r\n// Developer: Nathan Zajac MD\r\n// Email:     Nathan.Zajac@VA.gov\r\n// \r\n// Collaborators: \r\n// William \"Bill\" Lemley MD\r\n// Alexander \"AJ\" Stephens\r\n// Preston Barrett\r\n// Robin Rehder\r\n//==============================\r\n\r\n// App Metadata\r\nSet(varAppName, \"VA AI Assistant\");\r\nSet(varAppVersion, \"1.4\");\r\nSet(varAppTagline, \"Built for the VA. Powered by AI.\");\r\n\r\n//------------------------------\r\n// Global Colors\r\nSet(ColorNavy, RGBA(17, 29, 66, 1));\r\nSet(ColorLightGray, RGBA(249, 250, 251, 1));\r\nSet(ColorWhite, RGBA(255, 255, 255, 1));\r\nSet(ColorDarkText, RGBA(17, 24, 39, 1));\r\nSet(ColorMediumGray, RGBA(107, 114, 128, 1));\r\nSet(ColorHoverGray, RGBA(229, 231, 235, 1));\r\nSet(ColorAccentBlue, RGBA(56, 96, 178, 1));\r\nSet(ColorErrorRed, RGBA(220, 38, 38, 1));\r\nSet(ColorSuccessGreen, RGBA(22, 163, 74, 1));\r\n\r\n//------------------------------\r\n// Global Text Styles\r\nSet(varFontHeadingSize, 28);\r\nSet(varFontSubheadingSize, 20);\r\nSet(varFontBodySize, 16);\r\nSet(varFontSmallSize, 12);\r\nSet(varFontWeightHeading, FontWeight.Semibold);\r\nSet(varFontWeightBody, FontWeight.Normal);\r\nSet(varTextPrimary, ColorDarkText);\r\nSet(varTextSecondary, ColorMediumGray);\r\n\r\n//------------------------------\r\n// Global Layout & UI Constants\r\nSet(varSidebar, true);\r\nSet(varSidebarWidthExpanded, 240);\r\nSet(varSidebarWidthCollapsed, 72);\r\nSet(varHeaderHeight, 64);\r\nSet(varPagePadding, 24);\r\nSet(varCardPadding, 16);\r\nSet(varCardRadius, 12);\r\nSet(varCardShadow, DropShadow.Light);\r\nSet(varButtonHeight, 48);\r\nSet(varControlHeight, 40);\r\n\r\n//------------------------------\r\n// Global Iconography & Motion\r\nSet(varIconSizeSmall, 20);\r\nSet(varIconSizeMedium, 24);\r\nSet(varIconSizeLarge, 36);\r\nSet(varIconHoverScale, 1.1);\r\n\r\n//------------------------------\r\n// App State Variables\r\nSet(varSelectedDivision, \"\");\r\nSet(varSelectedCategory, \"\");\r\nSet(varSelectedPrompt, \"\");\r\nSet(varAcknowledged, false);\r\nSet(varShowUserTasks, false);\r\nSet(varSelectedUserTask, Blank());\r\nSet(varFormMode, \"New\");\r\nSet(varCurrentScreen, \"Welcome\");\r\nSet(varShowGlobalSearch, false);\r\n\r\n//------------------------------\r\n// Filter Variables \r\nSet(varFilterDivision, \"\");\r\nSet(varFilterCategory, \"\");\r\nSet(varFilterTaskType, \"\");\r\nSet(varShowFavoritesOnly, false);\r\n\r\n//------------------------------\r\n// Sidebar and Layout Variables\r\nSet(varSidebarCollapsed, false);\r\nSet(varSidebarWidth, 300);\r\nSet(varMainContentX, 340);\r\nSet(varMainContentWidth, App.Width - 340);\r\n\r\n//------------------------------\r\n// Search and Filter Variables\r\nSet(varSearchText, \"\");\r\nSet(varShowFavorites, false);\r\n\r\n//------------------------------\r\n// Task and Prompt Variables\r\nSet(varSelectedTask, Blank());\r\nSet(varSelectedTaskID, Blank());\r\nSet(varSelectedTaskTitle, \"\");\r\nSet(varSelectedTaskDescription, \"\");\r\nSet(varCustomPrompt, \"\");\r\n\r\n//------------------------------\r\n// Initialize varCustomSettings\r\nSet(varCustomSettings, {\r\n    OutputFormat: \"\",\r\n    Tone: \"\",\r\n    Length: \"\",\r\n    DetailLevel: \"\",\r\n    Audience: \"\",\r\n    Context: \"\",\r\n    IncludeExamples: false,\r\n    IncludeReferences: false,\r\n    StructuredFormat: false,\r\n    IncludeNextSteps: false,\r\n    IncludeTimeline: false,\r\n    PromptText: \"\"\r\n});\r\n\r\n//------------------------------\r\n// Initialize Collections\r\nClearCollect(colDynamicFields, []);\r\nClearCollect(colFieldValues, []);\r\nClearCollect(colActiveTasks, []);\r\nClearCollect(colUserTasks, []);\r\nClearCollect(colCatFromTasks, []);\r\nClearCollect(locCategories, []);\r\nClearCollect(colTasksRaw, []);\r\nClearCollect(colRawMatches, []);\r\nClearCollect(colFilteredMatches, []);\r\nClearCollect(colUniquePlaceholders, []);\r\nClearCollect(colDynamicFieldsSorted, []);\r\n\r\n//------------------------------\r\n// Initialize hasDynamicFields flag\r\nSet(hasDynamicFields, false);\r\n\r\n//------------------------------\r\n// Help Screen Variables\r\nSet(varHelpPanelWidth, If(App.Width < 1200, 250, 300));\r\nSet(varHelpContentWidth, App.Width - varHelpPanelWidth - 60)",
        "RuleProviderType": "User"
      },
      {
        "Property": "SizeBreakpoints",
        "Category": "ConstantData",
        "InvariantScript": "[600, 900, 1200]",
        "RuleProviderType": "Unknown"
      },
      {
        "Property": "StartScreen",
        "Category": "OnDemandData",
        "InvariantScript": "scrWelcome",
        "RuleProviderType": "User"
      },
      {
        "Property": "Formulas",
        "Category": "Formulas",
        "InvariantScript": "// Sidebar Presets\r\nSidebarBackground     = RGBA(249, 250, 251, 1);       // Light gray sidebar background (restored)\r\nSidebarText           = RGBA(17, 29, 66, 1);          // Deep navy blue text (from previous image)\r\nSidebarIcons          = RGBA(17, 29, 66, 1);          // Deep navy blue matching Text\r\nButtonHoverFill       = RGBA(26, 37, 63, 0.2);        // Semi-Transparent Dark Blue Button Hoverfill\r\n\r\n// Main Contain Presets\r\nMainBackground        = RGBA(249, 250, 251, 1);       // Matches sidebar for a seamless layout\r\n\r\n// Task Card Presets\r\nCardBackground        = RGBA(255, 255, 255, 1);       // White for task cards\r\nCardBorder            = RGBA(229, 231, 235, 1);       // Light gray card borders\r\nFavoriteIcon          = RGBA(239, 68, 68, 1);         // Red for favorite (heart)\r\nPrimaryText           = RGBA(17, 24, 39, 1);          // Dark gray/black for main text\r\nSecondaryText         = RGBA(107, 114, 128, 1);       // Medium gray for descriptions\r\nTagBackground         = RGBA(243, 244, 246, 1);       // Very light gray for tags\r\nTagText               = RGBA(31, 41, 55, 1);          // Tag label text",
        "RuleProviderType": "User"
      }
    ],
    "ControlPropertyState": [
      "MinScreenHeight",
      "MinScreenWidth",
      "ConfirmExit",
      "SizeBreakpoints",
      "BackEnabled",
      "Theme",
      {
        "InvariantPropertyName": "OnStart",
        "AutoRuleBindingEnabled": false,
        "AutoRuleBindingString": "",
        "NameMapSourceSchema": "?",
        "IsLockable": false,
        "AFDDataSourceName": ""
      },
      {
        "InvariantPropertyName": "StartScreen",
        "AutoRuleBindingEnabled": false,
        "AutoRuleBindingString": "",
        "NameMapSourceSchema": "?",
        "IsLockable": false,
        "AFDDataSourceName": ""
      },
      {
        "InvariantPropertyName": "Formulas",
        "AutoRuleBindingEnabled": false,
        "AutoRuleBindingString": "",
        "NameMapSourceSchema": "?",
        "IsLockable": false,
        "AFDDataSourceName": ""
      }
    ],
    "IsLocked": false,
    "ControlUniqueId": "1",
    "Children": [
      {
        "Type": "ControlInfo",
        "Name": "Host",
        "HasDynamicProperties": false,
        "Template": {
          "Id": "http://microsoft.com/appmagic/hostcontrol",
          "Version": "1.6.0",
          "LastModifiedTimestamp": "0",
          "Name": "hostControl",
          "FirstParty": true,
          "IsPremiumPcfControl": false,
          "IsCustomGroupControlTemplate": false,
          "CustomGroupControlTemplateName": "",
          "IsComponentDefinition": false,
          "HostType": "Default",
          "OverridableProperties": {}
        },
        "Index": 0,
        "PublishOrderIndex": 0,
        "VariantName": "DefaultHostControlVariant",
        "LayoutName": "",
        "MetaDataIDKey": "",
        "PersistMetaDataIDKey": false,
        "IsFromScreenLayout": false,
        "StyleName": "",
        "Parent": "App",
        "IsDataControl": true,
        "AllowAccessToGlobals": true,
        "OptimizeForDevices": "Off",
        "IsGroupControl": false,
        "IsAutoGenerated": false,
        "Rules": [
          {
            "Property": "OnNew",
            "Category": "Behavior",
            "InvariantScript": "false",
            "RuleProviderType": "Unknown"
          },
          {
            "Property": "OnEdit",
            "Category": "Behavior",
            "InvariantScript": "false",
            "RuleProviderType": "Unknown"
          },
          {
            "Property": "OnView",
            "Category": "Behavior",
            "InvariantScript": "false",
            "RuleProviderType": "Unknown"
          },
          {
            "Property": "OnSave",
            "Category": "Behavior",
            "InvariantScript": "false",
            "RuleProviderType": "Unknown"
          },
          {
            "Property": "OnCancel",
            "Category": "Behavior",
            "InvariantScript": "false",
            "RuleProviderType": "Unknown"
          }
        ],
        "ControlPropertyState": [
          "OnNew",
          "OnEdit",
          "OnView",
          "OnSave",
          "OnCancel"
        ],
        "IsLocked": false,
        "ControlUniqueId": "3",
        "Children": []
      }
    ]
  }
}