{
  "TopParent": {
    "Type": "ControlInfo",
    "Name": "scrNotice",
    "Template": {
      "Id": "http://microsoft.com/appmagic/screen",
      "Version": "1.0",
      "LastModifiedTimestamp": "0",
      "Name": "screen",
      "FirstParty": true,
      "IsPremiumPcfControl": false,
      "IsCustomGroupControlTemplate": false,
      "CustomGroupControlTemplateName": "",
      "IsComponentDefinition": false,
      "OverridableProperties": {}
    },
    "Index": 1,
    "PublishOrderIndex": 0,
    "VariantName": "",
    "LayoutName": "",
    "MetaDataIDKey": "",
    "PersistMetaDataIDKey": false,
    "IsFromScreenLayout": false,
    "StyleName": "defaultScreenStyle",
    "Parent": "",
    "IsDataControl": false,
    "AllowAccessToGlobals": true,
    "OptimizeForDevices": "Off",
    "IsGroupControl": false,
    "IsAutoGenerated": false,
    "Rules": [
      {
        "Property": "Fill",
        "Category": "Design",
        "InvariantScript": "Color.White",
        "RuleProviderType": "Unknown"
      },
      {
        "Property": "ImagePosition",
        "Category": "Design",
        "InvariantScript": "ImagePosition.Fit",
        "RuleProviderType": "Unknown"
      },
      {
        "Property": "Height",
        "Category": "Design",
        "InvariantScript": "Max(App.Height, App.MinScreenHeight)",
        "RuleProviderType": "Unknown"
      },
      {
        "Property": "Width",
        "Category": "Design",
        "InvariantScript": "Max(App.Width, App.MinScreenWidth)",
        "RuleProviderType": "Unknown"
      },
      {
        "Property": "Size",
        "Category": "Design",
        "InvariantScript": "1 + CountRows(App.SizeBreakpoints) - CountIf(App.SizeBreakpoints, Value >= Self.Width)",
        "RuleProviderType": "Unknown"
      },
      {
        "Property": "Orientation",
        "Category": "Design",
        "InvariantScript": "If(Self.Width < Self.Height, Layout.Vertical, Layout.Horizontal)",
        "RuleProviderType": "Unknown"
      },
      {
        "Property": "LoadingSpinner",
        "Category": "Design",
        "InvariantScript": "LoadingSpinner.None",
        "RuleProviderType": "Unknown"
      },
      {
        "Property": "LoadingSpinnerColor",
        "Category": "Design",
        "InvariantScript": "RGBA(56, 96, 178, 1)",
        "RuleProviderType": "Unknown"
      },
      {
        "Property": "OnVisible",
        "Category": "Behavior",
        "InvariantScript": "",
        "RuleProviderType": "User"
      }
    ],
    "ControlPropertyState": [
      "Fill",
      "ImagePosition",
      "Height",
      "Width",
      "Size",
      "Orientation",
      "LoadingSpinner",
      "LoadingSpinnerColor",
      "OnVisible"
    ],
    "IsLocked": false,
    "ControlUniqueId": "17",
    "Children": [
      {
        "Type": "ControlInfo",
        "Name": "OuterBorder_1",
        "HasDynamicProperties": false,
        "Template": {
          "Id": "http://microsoft.com/appmagic/shapes/rectangle",
          "Version": "2.3.0",
          "LastModifiedTimestamp": "0",
          "Name": "rectangle",
          "FirstParty": true,
          "IsPremiumPcfControl": false,
          "IsCustomGroupControlTemplate": false,
          "CustomGroupControlTemplateName": "",
          "IsComponentDefinition": false,
          "OverridableProperties": {}
        },
        "Index": 0,
        "PublishOrderIndex": 8,
        "VariantName": "",
        "LayoutName": "",
        "MetaDataIDKey": "",
        "PersistMetaDataIDKey": false,
        "IsFromScreenLayout": false,
        "StyleName": "defaultRectangleStyle",
        "Parent": "scrNotice",
        "IsDataControl": false,
        "AllowAccessToGlobals": true,
        "OptimizeForDevices": "Off",
        "IsGroupControl": false,
        "IsAutoGenerated": false,
        "Rules": [
          {
            "Property": "AccessibleLabel",
            "Category": "Data",
            "InvariantScript": "\"\"",
            "RuleProviderType": "Unknown"
          },
          {
            "Property": "Tooltip",
            "Category": "Data",
            "InvariantScript": "\"\"",
            "RuleProviderType": "Unknown"
          },
          {
            "Property": "ContentLanguage",
            "Category": "Data",
            "InvariantScript": "\"\"",
            "RuleProviderType": "Unknown"
          },
          {
            "Property": "Fill",
            "Category": "Design",
            "InvariantScript": "ColorNavy",
            "RuleProviderType": "User"
          },
          {
            "Property": "DisabledFill",
            "Category": "Design",
            "InvariantScript": "Self.Fill",
            "RuleProviderType": "Unknown"
          },
          {
            "Property": "PressedFill",
            "Category": "Design",
            "InvariantScript": "Self.Fill",
            "RuleProviderType": "Unknown"
          },
          {
            "Property": "HoverFill",
            "Category": "Design",
            "InvariantScript": "Self.Fill",
            "RuleProviderType": "Unknown"
          },
          {
            "Property": "BorderColor",
            "Category": "Design",
            "InvariantScript": "ColorNavy",
            "RuleProviderType": "User"
          },
          {
            "Property": "BorderStyle",
            "Category": "Design",
            "InvariantScript": "BorderStyle.Solid",
            "RuleProviderType": "Unknown"
          },
          {
            "Property": "BorderThickness",
            "Category": "Design",
            "InvariantScript": "0",
            "RuleProviderType": "Unknown"
          },
          {
            "Property": "FocusedBorderColor",
            "Category": "Design",
            "InvariantScript": "Self.BorderColor",
            "RuleProviderType": "Unknown"
          },
          {
            "Property": "FocusedBorderThickness",
            "Category": "Design",
            "InvariantScript": "2",
            "RuleProviderType": "Unknown"
          },
          {
            "Property": "Visible",
            "Category": "Design",
            "InvariantScript": "true",
            "RuleProviderType": "Unknown"
          },
          {
            "Property": "DisplayMode",
            "Category": "Design",
            "InvariantScript": "DisplayMode.Edit",
            "RuleProviderType": "Unknown"
          },
          {
            "Property": "TabIndex",
            "Category": "Design",
            "InvariantScript": "-1",
            "RuleProviderType": "Unknown"
          },
          {
            "Property": "X",
            "Category": "Design",
            "InvariantScript": "0",
            "RuleProviderType": "Unknown"
          },
          {
            "Property": "Y",
            "Category": "Design",
            "InvariantScript": "0",
            "RuleProviderType": "Unknown"
          },
          {
            "Property": "Width",
            "Category": "Design",
            "InvariantScript": "App.Width",
            "RuleProviderType": "User"
          },
          {
            "Property": "Height",
            "Category": "Design",
            "InvariantScript": "App.Height",
            "RuleProviderType": "User"
          },
          {
            "Property": "minimumWidth",
            "Category": "Design",
            "InvariantScript": "1",
            "RuleProviderType": "Unknown"
          },
          {
            "Property": "minimumHeight",
            "Category": "Design",
            "InvariantScript": "1",
            "RuleProviderType": "Unknown"
          },
          {
            "Property": "maximumWidth",
            "Category": "Design",
            "InvariantScript": "1366",
            "RuleProviderType": "Unknown"
          },
          {
            "Property": "maximumHeight",
            "Category": "Design",
            "InvariantScript": "768",
            "RuleProviderType": "Unknown"
          },
          {
            "Property": "PreserveAspectRatio",
            "Category": "Design",
            "InvariantScript": "false",
            "RuleProviderType": "Unknown"
          },
          {
            "Property": "ZIndex",
            "Category": "Design",
            "InvariantScript": "1",
            "RuleProviderType": "Unknown"
          },
          {
            "Property": "OnSelect",
            "Category": "Behavior",
            "InvariantScript": "false",
            "RuleProviderType": "Unknown"
          }
        ],
        "ControlPropertyState": [
          "AccessibleLabel",
          "Tooltip",
          "ContentLanguage",
          {
            "InvariantPropertyName": "Fill",
            "AutoRuleBindingEnabled": false,
            "AutoRuleBindingString": "ColorValue(\"#002052\")  // VA Navy Blue",
            "NameMapSourceSchema": "?",
            "IsLockable": false,
            "AFDDataSourceName": ""
          },
          "DisabledFill",
          "PressedFill",
          "HoverFill",
          {
            "InvariantPropertyName": "BorderColor",
            "AutoRuleBindingEnabled": false,
            "AutoRuleBindingString": "RGBA(0, 18, 107, 1)",
            "NameMapSourceSchema": "?",
            "IsLockable": false,
            "AFDDataSourceName": ""
          },
          "BorderStyle",
          "BorderThickness",
          "FocusedBorderColor",
          "FocusedBorderThickness",
          "Visible",
          "DisplayMode",
          "TabIndex",
          "X",
          "Y",
          {
            "InvariantPropertyName": "Width",
            "AutoRuleBindingEnabled": false,
            "AutoRuleBindingString": "1366",
            "NameMapSourceSchema": "?",
            "IsLockable": false,
            "AFDDataSourceName": ""
          },
          {
            "InvariantPropertyName": "Height",
            "AutoRuleBindingEnabled": false,
            "AutoRuleBindingString": "768",
            "NameMapSourceSchema": "?",
            "IsLockable": false,
            "AFDDataSourceName": ""
          },
          "OnSelect",
          "minimumWidth",
          "minimumHeight",
          "maximumWidth",
          "maximumHeight",
          "PreserveAspectRatio",
          "ZIndex"
        ],
        "IsLocked": false,
        "ControlUniqueId": "18",
        "Children": []
      },
      {
        "Type": "ControlInfo",
        "Name": "InnerBorder_1",
        "HasDynamicProperties": false,
        "Template": {
          "Id": "http://microsoft.com/appmagic/shapes/rectangle",
          "Version": "2.3.0",
          "LastModifiedTimestamp": "0",
          "Name": "rectangle",
          "FirstParty": true,
          "IsPremiumPcfControl": false,
          "IsCustomGroupControlTemplate": false,
          "CustomGroupControlTemplateName": "",
          "IsComponentDefinition": false,
          "OverridableProperties": {}
        },
        "Index": 0,
        "PublishOrderIndex": 9,
        "VariantName": "",
        "LayoutName": "",
        "MetaDataIDKey": "",
        "PersistMetaDataIDKey": false,
        "IsFromScreenLayout": false,
        "StyleName": "defaultRectangleStyle",
        "Parent": "scrNotice",
        "IsDataControl": false,
        "AllowAccessToGlobals": true,
        "OptimizeForDevices": "Off",
        "IsGroupControl": false,
        "IsAutoGenerated": false,
        "Rules": [
          {
            "Property": "AccessibleLabel",
            "Category": "Data",
            "InvariantScript": "\"\"",
            "RuleProviderType": "Unknown"
          },
          {
            "Property": "Tooltip",
            "Category": "Data",
            "InvariantScript": "\"\"",
            "RuleProviderType": "Unknown"
          },
          {
            "Property": "ContentLanguage",
            "Category": "Data",
            "InvariantScript": "\"\"",
            "RuleProviderType": "Unknown"
          },
          {
            "Property": "Fill",
            "Category": "Design",
            "InvariantScript": "Color.White",
            "RuleProviderType": "Unknown"
          },
          {
            "Property": "DisabledFill",
            "Category": "Design",
            "InvariantScript": "Self.Fill",
            "RuleProviderType": "Unknown"
          },
          {
            "Property": "PressedFill",
            "Category": "Design",
            "InvariantScript": "Self.Fill",
            "RuleProviderType": "Unknown"
          },
          {
            "Property": "HoverFill",
            "Category": "Design",
            "InvariantScript": "Self.Fill",
            "RuleProviderType": "Unknown"
          },
          {
            "Property": "BorderColor",
            "Category": "Design",
            "InvariantScript": "RGBA(0, 18, 107, 1)",
            "RuleProviderType": "Unknown"
          },
          {
            "Property": "BorderStyle",
            "Category": "Design",
            "InvariantScript": "BorderStyle.Solid",
            "RuleProviderType": "Unknown"
          },
          {
            "Property": "BorderThickness",
            "Category": "Design",
            "InvariantScript": "0",
            "RuleProviderType": "Unknown"
          },
          {
            "Property": "FocusedBorderColor",
            "Category": "Design",
            "InvariantScript": "Self.BorderColor",
            "RuleProviderType": "Unknown"
          },
          {
            "Property": "FocusedBorderThickness",
            "Category": "Design",
            "InvariantScript": "2",
            "RuleProviderType": "Unknown"
          },
          {
            "Property": "Visible",
            "Category": "Design",
            "InvariantScript": "true",
            "RuleProviderType": "Unknown"
          },
          {
            "Property": "DisplayMode",
            "Category": "Design",
            "InvariantScript": "DisplayMode.Edit",
            "RuleProviderType": "Unknown"
          },
          {
            "Property": "TabIndex",
            "Category": "Design",
            "InvariantScript": "-1",
            "RuleProviderType": "Unknown"
          },
          {
            "Property": "X",
            "Category": "Design",
            "InvariantScript": "varPagePadding",
            "RuleProviderType": "User"
          },
          {
            "Property": "Y",
            "Category": "Design",
            "InvariantScript": "varPagePadding",
            "RuleProviderType": "User"
          },
          {
            "Property": "Width",
            "Category": "Design",
            "InvariantScript": "App.Width - (varPagePadding * 2)",
            "RuleProviderType": "User"
          },
          {
            "Property": "Height",
            "Category": "Design",
            "InvariantScript": "App.Height - (varPagePadding * 2)",
            "RuleProviderType": "User"
          },
          {
            "Property": "minimumWidth",
            "Category": "Design",
            "InvariantScript": "1",
            "RuleProviderType": "Unknown"
          },
          {
            "Property": "minimumHeight",
            "Category": "Design",
            "InvariantScript": "1",
            "RuleProviderType": "Unknown"
          },
          {
            "Property": "maximumWidth",
            "Category": "Design",
            "InvariantScript": "1366",
            "RuleProviderType": "Unknown"
          },
          {
            "Property": "maximumHeight",
            "Category": "Design",
            "InvariantScript": "768",
            "RuleProviderType": "Unknown"
          },
          {
            "Property": "PreserveAspectRatio",
            "Category": "Design",
            "InvariantScript": "false",
            "RuleProviderType": "Unknown"
          },
          {
            "Property": "ZIndex",
            "Category": "Design",
            "InvariantScript": "2",
            "RuleProviderType": "Unknown"
          },
          {
            "Property": "OnSelect",
            "Category": "Behavior",
            "InvariantScript": "false",
            "RuleProviderType": "Unknown"
          }
        ],
        "ControlPropertyState": [
          "AccessibleLabel",
          "Tooltip",
          "ContentLanguage",
          "Fill",
          "DisabledFill",
          "PressedFill",
          "HoverFill",
          "BorderColor",
          "BorderStyle",
          {
            "InvariantPropertyName": "BorderThickness",
            "AutoRuleBindingEnabled": false,
            "AutoRuleBindingString": "",
            "NameMapSourceSchema": "?",
            "IsLockable": false,
            "AFDDataSourceName": ""
          },
          "FocusedBorderColor",
          "FocusedBorderThickness",
          "Visible",
          "DisplayMode",
          "TabIndex",
          {
            "InvariantPropertyName": "X",
            "AutoRuleBindingEnabled": false,
            "AutoRuleBindingString": "40",
            "NameMapSourceSchema": "?",
            "IsLockable": false,
            "AFDDataSourceName": ""
          },
          {
            "InvariantPropertyName": "Y",
            "AutoRuleBindingEnabled": false,
            "AutoRuleBindingString": "40",
            "NameMapSourceSchema": "?",
            "IsLockable": false,
            "AFDDataSourceName": ""
          },
          {
            "InvariantPropertyName": "Width",
            "AutoRuleBindingEnabled": false,
            "AutoRuleBindingString": "1287",
            "NameMapSourceSchema": "?",
            "IsLockable": false,
            "AFDDataSourceName": ""
          },
          {
            "InvariantPropertyName": "Height",
            "AutoRuleBindingEnabled": false,
            "AutoRuleBindingString": "690",
            "NameMapSourceSchema": "?",
            "IsLockable": false,
            "AFDDataSourceName": ""
          },
          "OnSelect",
          "minimumWidth",
          "minimumHeight",
          "maximumWidth",
          "maximumHeight",
          "PreserveAspectRatio",
          "ZIndex"
        ],
        "IsLocked": false,
        "ControlUniqueId": "19",
        "Children": []
      },
      {
        "Type": "ControlInfo",
        "Name": "imgNotice",
        "HasDynamicProperties": false,
        "Template": {
          "Id": "http://microsoft.com/appmagic/image",
          "Version": "2.2.3",
          "LastModifiedTimestamp": "0",
          "Name": "image",
          "FirstParty": true,
          "IsPremiumPcfControl": false,
          "IsCustomGroupControlTemplate": false,
          "CustomGroupControlTemplateName": "",
          "IsComponentDefinition": false,
          "OverridableProperties": {}
        },
        "Index": 0,
        "PublishOrderIndex": 10,
        "VariantName": "",
        "LayoutName": "",
        "MetaDataIDKey": "",
        "PersistMetaDataIDKey": false,
        "IsFromScreenLayout": false,
        "StyleName": "defaultImageStyle",
        "Parent": "scrNotice",
        "IsDataControl": false,
        "AllowAccessToGlobals": true,
        "OptimizeForDevices": "Off",
        "IsGroupControl": false,
        "IsAutoGenerated": false,
        "Rules": [
          {
            "Property": "Image",
            "Category": "Data",
            "InvariantScript": "'AI Warning Notice v1.2'",
            "RuleProviderType": "Unknown"
          },
          {
            "Property": "ImagePosition",
            "Category": "Design",
            "InvariantScript": "ImagePosition.Fit",
            "RuleProviderType": "Unknown"
          },
          {
            "Property": "ImageRotation",
            "Category": "Design",
            "InvariantScript": "ImageRotation.None",
            "RuleProviderType": "Unknown"
          },
          {
            "Property": "X",
            "Category": "Design",
            "InvariantScript": "InnerBorder_1.X + varCardPadding",
            "RuleProviderType": "Unknown"
          },
          {
            "Property": "Y",
            "Category": "Design",
            "InvariantScript": "InnerBorder_1.Y + varCardPadding",
            "RuleProviderType": "Unknown"
          },
          {
            "Property": "Width",
            "Category": "Design",
            "InvariantScript": "InnerBorder_1.Width - (varCardPadding * 2)",
            "RuleProviderType": "Unknown"
          },
          {
            "Property": "Height",
            "Category": "Design",
            "InvariantScript": "InnerBorder_1.Height * 80%",
            "RuleProviderType": "Unknown"
          },
          {
            "Property": "Fill",
            "Category": "Design",
            "InvariantScript": "RGBA(0, 0, 0, 0)",
            "RuleProviderType": "Unknown"
          },
          {
            "Property": "DisabledFill",
            "Category": "Design",
            "InvariantScript": "RGBA(244, 244, 244, 1)",
            "RuleProviderType": "Unknown"
          },
          {
            "Property": "PressedFill",
            "Category": "Design",
            "InvariantScript": "ColorFade(Self.Fill, -20%)",
            "RuleProviderType": "Unknown"
          },
          {
            "Property": "HoverFill",
            "Category": "Design",
            "InvariantScript": "ColorFade(Self.Fill, 20%)",
            "RuleProviderType": "Unknown"
          },
          {
            "Property": "BorderColor",
            "Category": "Design",
            "InvariantScript": "RGBA(0, 18, 107, 1)",
            "RuleProviderType": "Unknown"
          },
          {
            "Property": "DisabledBorderColor",
            "Category": "Design",
            "InvariantScript": "RGBA(166, 166, 166, 1)",
            "RuleProviderType": "Unknown"
          },
          {
            "Property": "PressedBorderColor",
            "Category": "Design",
            "InvariantScript": "ColorFade(Self.BorderColor, -20%)",
            "RuleProviderType": "Unknown"
          },
          {
            "Property": "HoverBorderColor",
            "Category": "Design",
            "InvariantScript": "ColorFade(Self.BorderColor, 20%)",
            "RuleProviderType": "Unknown"
          },
          {
            "Property": "FocusedBorderColor",
            "Category": "Design",
            "InvariantScript": "Self.BorderColor",
            "RuleProviderType": "Unknown"
          },
          {
            "Property": "BorderStyle",
            "Category": "Design",
            "InvariantScript": "BorderStyle.Solid",
            "RuleProviderType": "Unknown"
          },
          {
            "Property": "DisplayMode",
            "Category": "Design",
            "InvariantScript": "DisplayMode.Edit",
            "RuleProviderType": "Unknown"
          },
          {
            "Property": "ZIndex",
            "Category": "Design",
            "InvariantScript": "3",
            "RuleProviderType": "Unknown"
          },
          {
            "Property": "RadiusTopLeft",
            "Category": "Design",
            "InvariantScript": "0",
            "RuleProviderType": "Unknown"
          },
          {
            "Property": "RadiusTopRight",
            "Category": "Design",
            "InvariantScript": "0",
            "RuleProviderType": "Unknown"
          },
          {
            "Property": "RadiusBottomLeft",
            "Category": "Design",
            "InvariantScript": "0",
            "RuleProviderType": "Unknown"
          },
          {
            "Property": "RadiusBottomRight",
            "Category": "Design",
            "InvariantScript": "0",
            "RuleProviderType": "Unknown"
          },
          {
            "Property": "BorderThickness",
            "Category": "Design",
            "InvariantScript": "0",
            "RuleProviderType": "Unknown"
          },
          {
            "Property": "FocusedBorderThickness",
            "Category": "Design",
            "InvariantScript": "2",
            "RuleProviderType": "Unknown"
          },
          {
            "Property": "PaddingTop",
            "Category": "Design",
            "InvariantScript": "0",
            "RuleProviderType": "Unknown"
          },
          {
            "Property": "PaddingRight",
            "Category": "Design",
            "InvariantScript": "0",
            "RuleProviderType": "Unknown"
          },
          {
            "Property": "PaddingBottom",
            "Category": "Design",
            "InvariantScript": "0",
            "RuleProviderType": "Unknown"
          },
          {
            "Property": "PaddingLeft",
            "Category": "Design",
            "InvariantScript": "0",
            "RuleProviderType": "Unknown"
          }
        ],
        "ControlPropertyState": [
          {
            "InvariantPropertyName": "Image",
            "AutoRuleBindingEnabled": false,
            "AutoRuleBindingString": "SampleImage",
            "NameMapSourceSchema": "?",
            "IsLockable": false,
            "AFDDataSourceName": ""
          },
          "ImagePosition",
          "ImageRotation",
          {
            "InvariantPropertyName": "X",
            "AutoRuleBindingEnabled": false,
            "AutoRuleBindingString": "35",
            "NameMapSourceSchema": "?",
            "IsLockable": false,
            "AFDDataSourceName": ""
          },
          {
            "InvariantPropertyName": "Y",
            "AutoRuleBindingEnabled": false,
            "AutoRuleBindingString": "51",
            "NameMapSourceSchema": "?",
            "IsLockable": false,
            "AFDDataSourceName": ""
          },
          {
            "InvariantPropertyName": "Width",
            "AutoRuleBindingEnabled": false,
            "AutoRuleBindingString": "1296",
            "NameMapSourceSchema": "?",
            "IsLockable": false,
            "AFDDataSourceName": ""
          },
          {
            "InvariantPropertyName": "Height",
            "AutoRuleBindingEnabled": false,
            "AutoRuleBindingString": "645",
            "NameMapSourceSchema": "?",
            "IsLockable": false,
            "AFDDataSourceName": ""
          },
          "Fill",
          "DisabledFill",
          "PressedFill",
          "HoverFill",
          "BorderColor",
          "DisabledBorderColor",
          "PressedBorderColor",
          "HoverBorderColor",
          "FocusedBorderColor",
          "BorderStyle",
          "DisplayMode",
          "ZIndex",
          "RadiusTopLeft",
          "RadiusTopRight",
          "RadiusBottomLeft",
          "RadiusBottomRight",
          "BorderThickness",
          "FocusedBorderThickness",
          "PaddingTop",
          "PaddingRight",
          "PaddingBottom",
          "PaddingLeft"
        ],
        "IsLocked": false,
        "ControlUniqueId": "20",
        "Children": []
      },
      {
        "Type": "ControlInfo",
        "Name": "btnAcknowledge",
        "HasDynamicProperties": false,
        "Template": {
          "Id": "http://microsoft.com/appmagic/button",
          "Version": "2.2.0",
          "LastModifiedTimestamp": "0",
          "Name": "button",
          "FirstParty": true,
          "IsPremiumPcfControl": false,
          "IsCustomGroupControlTemplate": false,
          "CustomGroupControlTemplateName": "",
          "IsComponentDefinition": false,
          "OverridableProperties": {}
        },
        "Index": 0,
        "PublishOrderIndex": 11,
        "VariantName": "",
        "LayoutName": "",
        "MetaDataIDKey": "",
        "PersistMetaDataIDKey": false,
        "IsFromScreenLayout": false,
        "StyleName": "defaultButtonStyle",
        "Parent": "scrNotice",
        "IsDataControl": false,
        "AllowAccessToGlobals": true,
        "OptimizeForDevices": "Off",
        "IsGroupControl": false,
        "IsAutoGenerated": false,
        "Rules": [
          {
            "Property": "Text",
            "Category": "Data",
            "InvariantScript": "\"I Acknowledge\"",
            "RuleProviderType": "Unknown"
          },
          {
            "Property": "BorderColor",
            "Category": "Design",
            "InvariantScript": "ColorFade(Self.Fill, -15%)",
            "RuleProviderType": "Unknown"
          },
          {
            "Property": "DisabledBorderColor",
            "Category": "Design",
            "InvariantScript": "RGBA(166, 166, 166, 1)",
            "RuleProviderType": "Unknown"
          },
          {
            "Property": "PressedBorderColor",
            "Category": "Design",
            "InvariantScript": "Self.Fill",
            "RuleProviderType": "Unknown"
          },
          {
            "Property": "HoverBorderColor",
            "Category": "Design",
            "InvariantScript": "ColorFade(Self.BorderColor, 20%)",
            "RuleProviderType": "Unknown"
          },
          {
            "Property": "BorderStyle",
            "Category": "Design",
            "InvariantScript": "BorderStyle.Solid",
            "RuleProviderType": "Unknown"
          },
          {
            "Property": "FocusedBorderColor",
            "Category": "Design",
            "InvariantScript": "Self.BorderColor",
            "RuleProviderType": "Unknown"
          },
          {
            "Property": "Color",
            "Category": "Design",
            "InvariantScript": "ColorWhite",
            "RuleProviderType": "User"
          },
          {
            "Property": "DisabledColor",
            "Category": "Design",
            "InvariantScript": "RGBA(166, 166, 166, 1)",
            "RuleProviderType": "Unknown"
          },
          {
            "Property": "PressedColor",
            "Category": "Design",
            "InvariantScript": "Self.Fill",
            "RuleProviderType": "Unknown"
          },
          {
            "Property": "HoverColor",
            "Category": "Design",
            "InvariantScript": "RGBA(255, 255, 255, 1)",
            "RuleProviderType": "Unknown"
          },
          {
            "Property": "DisplayMode",
            "Category": "Design",
            "InvariantScript": "DisplayMode.Edit",
            "RuleProviderType": "Unknown"
          },
          {
            "Property": "Fill",
            "Category": "Design",
            "InvariantScript": "ColorAccentBlue",
            "RuleProviderType": "User"
          },
          {
            "Property": "DisabledFill",
            "Category": "Design",
            "InvariantScript": "RGBA(244, 244, 244, 1)",
            "RuleProviderType": "Unknown"
          },
          {
            "Property": "PressedFill",
            "Category": "Design",
            "InvariantScript": "Self.Color",
            "RuleProviderType": "Unknown"
          },
          {
            "Property": "HoverFill",
            "Category": "Design",
            "InvariantScript": "ColorFade(ColorAccentBlue, -20%)",
            "RuleProviderType": "User"
          },
          {
            "Property": "Font",
            "Category": "Design",
            "InvariantScript": "Font.'Open Sans'",
            "RuleProviderType": "Unknown"
          },
          {
            "Property": "FontWeight",
            "Category": "Design",
            "InvariantScript": "varFontWeightHeading",
            "RuleProviderType": "User"
          },
          {
            "Property": "Align",
            "Category": "Design",
            "InvariantScript": "Align.Center",
            "RuleProviderType": "Unknown"
          },
          {
            "Property": "VerticalAlign",
            "Category": "Design",
            "InvariantScript": "VerticalAlign.Middle",
            "RuleProviderType": "Unknown"
          },
          {
            "Property": "X",
            "Category": "Design",
            "InvariantScript": "(App.Width - Self.Width) / 2",
            "RuleProviderType": "User"
          },
          {
            "Property": "Y",
            "Category": "Design",
            "InvariantScript": "InnerBorder_1.Y + InnerBorder_1.Height - varButtonHeight - varPagePadding",
            "RuleProviderType": "Unknown"
          },
          {
            "Property": "Width",
            "Category": "Design",
            "InvariantScript": "200",
            "RuleProviderType": "Unknown"
          },
          {
            "Property": "Height",
            "Category": "Design",
            "InvariantScript": "varButtonHeight",
            "RuleProviderType": "User"
          },
          {
            "Property": "ZIndex",
            "Category": "Design",
            "InvariantScript": "4",
            "RuleProviderType": "Unknown"
          },
          {
            "Property": "RadiusTopLeft",
            "Category": "Design",
            "InvariantScript": "varCardRadius",
            "RuleProviderType": "User"
          },
          {
            "Property": "RadiusTopRight",
            "Category": "Design",
            "InvariantScript": "varCardRadius",
            "RuleProviderType": "User"
          },
          {
            "Property": "RadiusBottomLeft",
            "Category": "Design",
            "InvariantScript": "varCardRadius",
            "RuleProviderType": "User"
          },
          {
            "Property": "RadiusBottomRight",
            "Category": "Design",
            "InvariantScript": "varCardRadius",
            "RuleProviderType": "User"
          },
          {
            "Property": "BorderThickness",
            "Category": "Design",
            "InvariantScript": "2",
            "RuleProviderType": "Unknown"
          },
          {
            "Property": "FocusedBorderThickness",
            "Category": "Design",
            "InvariantScript": "4",
            "RuleProviderType": "Unknown"
          },
          {
            "Property": "Size",
            "Category": "Design",
            "InvariantScript": "varFontBodySize",
            "RuleProviderType": "User"
          },
          {
            "Property": "Italic",
            "Category": "Design",
            "InvariantScript": "false",
            "RuleProviderType": "Unknown"
          },
          {
            "Property": "Underline",
            "Category": "Design",
            "InvariantScript": "false",
            "RuleProviderType": "Unknown"
          },
          {
            "Property": "Strikethrough",
            "Category": "Design",
            "InvariantScript": "false",
            "RuleProviderType": "Unknown"
          },
          {
            "Property": "OnSelect",
            "Category": "Behavior",
            "InvariantScript": "Set(varAcknowledged, true);\r\nNavigate(scrOnboarding, ScreenTransition.Fade)",
            "RuleProviderType": "User"
          }
        ],
        "ControlPropertyState": [
          {
            "InvariantPropertyName": "Text",
            "AutoRuleBindingEnabled": false,
            "AutoRuleBindingString": "",
            "NameMapSourceSchema": "?",
            "IsLockable": false,
            "AFDDataSourceName": ""
          },
          "BorderColor",
          "DisabledBorderColor",
          "PressedBorderColor",
          "HoverBorderColor",
          "BorderStyle",
          "FocusedBorderColor",
          {
            "InvariantPropertyName": "Color",
            "AutoRuleBindingEnabled": false,
            "AutoRuleBindingString": "RGBA(255, 255, 255, 1)",
            "NameMapSourceSchema": "?",
            "IsLockable": false,
            "AFDDataSourceName": ""
          },
          "DisabledColor",
          "PressedColor",
          "HoverColor",
          "DisplayMode",
          {
            "InvariantPropertyName": "Fill",
            "AutoRuleBindingEnabled": false,
            "AutoRuleBindingString": "RGBA(56, 96, 178, 1)",
            "NameMapSourceSchema": "?",
            "IsLockable": false,
            "AFDDataSourceName": ""
          },
          "DisabledFill",
          "PressedFill",
          {
            "InvariantPropertyName": "HoverFill",
            "AutoRuleBindingEnabled": false,
            "AutoRuleBindingString": "ColorFade(RGBA(56, 96, 178, 1), -20%)",
            "NameMapSourceSchema": "?",
            "IsLockable": false,
            "AFDDataSourceName": ""
          },
          "Font",
          {
            "InvariantPropertyName": "FontWeight",
            "AutoRuleBindingEnabled": false,
            "AutoRuleBindingString": "FontWeight.Semibold",
            "NameMapSourceSchema": "?",
            "IsLockable": false,
            "AFDDataSourceName": ""
          },
          "Align",
          "VerticalAlign",
          {
            "InvariantPropertyName": "X",
            "AutoRuleBindingEnabled": false,
            "AutoRuleBindingString": "583",
            "NameMapSourceSchema": "?",
            "IsLockable": false,
            "AFDDataSourceName": ""
          },
          {
            "InvariantPropertyName": "Y",
            "AutoRuleBindingEnabled": false,
            "AutoRuleBindingString": "628",
            "NameMapSourceSchema": "?",
            "IsLockable": false,
            "AFDDataSourceName": ""
          },
          {
            "InvariantPropertyName": "Width",
            "AutoRuleBindingEnabled": false,
            "AutoRuleBindingString": "",
            "NameMapSourceSchema": "?",
            "IsLockable": false,
            "AFDDataSourceName": ""
          },
          {
            "InvariantPropertyName": "Height",
            "AutoRuleBindingEnabled": false,
            "AutoRuleBindingString": "40",
            "NameMapSourceSchema": "?",
            "IsLockable": false,
            "AFDDataSourceName": ""
          },
          "ZIndex",
          {
            "InvariantPropertyName": "RadiusTopLeft",
            "AutoRuleBindingEnabled": false,
            "AutoRuleBindingString": "10",
            "NameMapSourceSchema": "?",
            "IsLockable": false,
            "AFDDataSourceName": ""
          },
          {
            "InvariantPropertyName": "RadiusTopRight",
            "AutoRuleBindingEnabled": false,
            "AutoRuleBindingString": "10",
            "NameMapSourceSchema": "?",
            "IsLockable": false,
            "AFDDataSourceName": ""
          },
          {
            "InvariantPropertyName": "RadiusBottomLeft",
            "AutoRuleBindingEnabled": false,
            "AutoRuleBindingString": "10",
            "NameMapSourceSchema": "?",
            "IsLockable": false,
            "AFDDataSourceName": ""
          },
          {
            "InvariantPropertyName": "RadiusBottomRight",
            "AutoRuleBindingEnabled": false,
            "AutoRuleBindingString": "10",
            "NameMapSourceSchema": "?",
            "IsLockable": false,
            "AFDDataSourceName": ""
          },
          "BorderThickness",
          "FocusedBorderThickness",
          {
            "InvariantPropertyName": "Size",
            "AutoRuleBindingEnabled": false,
            "AutoRuleBindingString": "15",
            "NameMapSourceSchema": "?",
            "IsLockable": false,
            "AFDDataSourceName": ""
          },
          "Italic",
          "Underline",
          "Strikethrough",
          {
            "InvariantPropertyName": "OnSelect",
            "AutoRuleBindingEnabled": false,
            "AutoRuleBindingString": "false",
            "NameMapSourceSchema": "?",
            "IsLockable": false,
            "AFDDataSourceName": ""
          }
        ],
        "IsLocked": false,
        "ControlUniqueId": "21",
        "Children": []
      }
    ]
  }
}