{
  "TopParent": {
    "Type": "ControlInfo",
    "Name": "scrWelcome",
    "Template": {
      "Id": "http://microsoft.com/appmagic/screen",
      "Version": "1.0",
      "LastModifiedTimestamp": "0",
      "Name": "screen",
      "FirstParty": true,
      "IsPremiumPcfControl": false,
      "IsCustomGroupControlTemplate": false,
      "CustomGroupControlTemplateName": "",
      "IsComponentDefinition": false,
      "OverridableProperties": {}
    },
    "Index": 0,
    "PublishOrderIndex": 0,
    "VariantName": "",
    "LayoutName": "",
    "MetaDataIDKey": "",
    "PersistMetaDataIDKey": false,
    "IsFromScreenLayout": false,
    "StyleName": "defaultScreenStyle",
    "Parent": "",
    "IsDataControl": false,
    "AllowAccessToGlobals": true,
    "OptimizeForDevices": "Off",
    "IsGroupControl": false,
    "IsAutoGenerated": false,
    "Rules": [
      {
        "Property": "Fill",
        "Category": "Design",
        "InvariantScript": "Color.White",
        "RuleProviderType": "Unknown"
      },
      {
        "Property": "ImagePosition",
        "Category": "Design",
        "InvariantScript": "ImagePosition.Fit",
        "RuleProviderType": "Unknown"
      },
      {
        "Property": "Height",
        "Category": "Design",
        "InvariantScript": "Max(App.Height, App.MinScreenHeight)",
        "RuleProviderType": "Unknown"
      },
      {
        "Property": "Width",
        "Category": "Design",
        "InvariantScript": "Max(App.Width, App.MinScreenWidth)",
        "RuleProviderType": "Unknown"
      },
      {
        "Property": "Size",
        "Category": "Design",
        "InvariantScript": "1 + CountRows(App.SizeBreakpoints) - CountIf(App.SizeBreakpoints, Value >= Self.Width)",
        "RuleProviderType": "Unknown"
      },
      {
        "Property": "Orientation",
        "Category": "Design",
        "InvariantScript": "If(Self.Width < Self.Height, Layout.Vertical, Layout.Horizontal)",
        "RuleProviderType": "Unknown"
      },
      {
        "Property": "LoadingSpinner",
        "Category": "Design",
        "InvariantScript": "LoadingSpinner.None",
        "RuleProviderType": "User"
      },
      {
        "Property": "LoadingSpinnerColor",
        "Category": "Design",
        "InvariantScript": "RGBA(56, 96, 178, 1)",
        "RuleProviderType": "Unknown"
      },
      {
        "Property": "OnVisible",
        "Category": "Behavior",
        "InvariantScript": "",
        "RuleProviderType": "User"
      }
    ],
    "ControlPropertyState": [
      "Fill",
      "ImagePosition",
      "Height",
      "Width",
      "Size",
      "Orientation",
      "LoadingSpinner",
      "LoadingSpinnerColor",
      "OnVisible"
    ],
    "IsLocked": false,
    "ControlUniqueId": "22",
    "Children": [
      {
        "Type": "ControlInfo",
        "Name": "OuterBorder",
        "HasDynamicProperties": false,
        "Template": {
          "Id": "http://microsoft.com/appmagic/shapes/rectangle",
          "Version": "2.3.0",
          "LastModifiedTimestamp": "0",
          "Name": "rectangle",
          "FirstParty": true,
          "IsPremiumPcfControl": false,
          "IsCustomGroupControlTemplate": false,
          "CustomGroupControlTemplateName": "",
          "IsComponentDefinition": false,
          "OverridableProperties": {}
        },
        "Index": 0,
        "PublishOrderIndex": 0,
        "VariantName": "",
        "LayoutName": "",
        "MetaDataIDKey": "",
        "PersistMetaDataIDKey": false,
        "IsFromScreenLayout": false,
        "StyleName": "defaultRectangleStyle",
        "Parent": "scrWelcome",
        "IsDataControl": false,
        "AllowAccessToGlobals": true,
        "OptimizeForDevices": "Off",
        "IsGroupControl": false,
        "IsAutoGenerated": false,
        "Rules": [
          {
            "Property": "AccessibleLabel",
            "Category": "Data",
            "InvariantScript": "\"\"",
            "RuleProviderType": "Unknown"
          },
          {
            "Property": "Tooltip",
            "Category": "Data",
            "InvariantScript": "\"\"",
            "RuleProviderType": "Unknown"
          },
          {
            "Property": "ContentLanguage",
            "Category": "Data",
            "InvariantScript": "\"\"",
            "RuleProviderType": "Unknown"
          },
          {
            "Property": "Fill",
            "Category": "Design",
            "InvariantScript": "ColorNavy",
            "RuleProviderType": "Unknown"
          },
          {
            "Property": "DisabledFill",
            "Category": "Design",
            "InvariantScript": "Self.Fill",
            "RuleProviderType": "Unknown"
          },
          {
            "Property": "PressedFill",
            "Category": "Design",
            "InvariantScript": "Self.Fill",
            "RuleProviderType": "Unknown"
          },
          {
            "Property": "HoverFill",
            "Category": "Design",
            "InvariantScript": "Self.Fill",
            "RuleProviderType": "Unknown"
          },
          {
            "Property": "BorderColor",
            "Category": "Design",
            "InvariantScript": "ColorNavy",
            "RuleProviderType": "Unknown"
          },
          {
            "Property": "BorderStyle",
            "Category": "Design",
            "InvariantScript": "BorderStyle.Solid",
            "RuleProviderType": "Unknown"
          },
          {
            "Property": "BorderThickness",
            "Category": "Design",
            "InvariantScript": "0",
            "RuleProviderType": "Unknown"
          },
          {
            "Property": "FocusedBorderColor",
            "Category": "Design",
            "InvariantScript": "Self.BorderColor",
            "RuleProviderType": "Unknown"
          },
          {
            "Property": "FocusedBorderThickness",
            "Category": "Design",
            "InvariantScript": "2",
            "RuleProviderType": "Unknown"
          },
          {
            "Property": "Visible",
            "Category": "Design",
            "InvariantScript": "true",
            "RuleProviderType": "Unknown"
          },
          {
            "Property": "DisplayMode",
            "Category": "Design",
            "InvariantScript": "DisplayMode.Edit",
            "RuleProviderType": "Unknown"
          },
          {
            "Property": "TabIndex",
            "Category": "Design",
            "InvariantScript": "-1",
            "RuleProviderType": "Unknown"
          },
          {
            "Property": "X",
            "Category": "Design",
            "InvariantScript": "0",
            "RuleProviderType": "Unknown"
          },
          {
            "Property": "Y",
            "Category": "Design",
            "InvariantScript": "0",
            "RuleProviderType": "Unknown"
          },
          {
            "Property": "Width",
            "Category": "Design",
            "InvariantScript": "App.Width",
            "RuleProviderType": "Unknown"
          },
          {
            "Property": "Height",
            "Category": "Design",
            "InvariantScript": "App.Height",
            "RuleProviderType": "Unknown"
          },
          {
            "Property": "minimumWidth",
            "Category": "Design",
            "InvariantScript": "1",
            "RuleProviderType": "Unknown"
          },
          {
            "Property": "minimumHeight",
            "Category": "Design",
            "InvariantScript": "1",
            "RuleProviderType": "Unknown"
          },
          {
            "Property": "maximumWidth",
            "Category": "Design",
            "InvariantScript": "1366",
            "RuleProviderType": "Unknown"
          },
          {
            "Property": "maximumHeight",
            "Category": "Design",
            "InvariantScript": "768",
            "RuleProviderType": "Unknown"
          },
          {
            "Property": "PreserveAspectRatio",
            "Category": "Design",
            "InvariantScript": "false",
            "RuleProviderType": "Unknown"
          },
          {
            "Property": "ZIndex",
            "Category": "Design",
            "InvariantScript": "1",
            "RuleProviderType": "Unknown"
          },
          {
            "Property": "OnSelect",
            "Category": "Behavior",
            "InvariantScript": "false",
            "RuleProviderType": "Unknown"
          }
        ],
        "ControlPropertyState": [
          "AccessibleLabel",
          "Tooltip",
          "ContentLanguage",
          "Fill",
          "DisabledFill",
          "PressedFill",
          "HoverFill",
          "BorderColor",
          "BorderStyle",
          "BorderThickness",
          "FocusedBorderColor",
          "FocusedBorderThickness",
          "Visible",
          "DisplayMode",
          "TabIndex",
          "X",
          "Y",
          "Width",
          "Height",
          "OnSelect",
          "minimumWidth",
          "minimumHeight",
          "maximumWidth",
          "maximumHeight",
          "PreserveAspectRatio",
          "ZIndex"
        ],
        "IsLocked": false,
        "ControlUniqueId": "23",
        "Children": []
      },
      {
        "Type": "ControlInfo",
        "Name": "tmrAutoTransition",
        "HasDynamicProperties": false,
        "Template": {
          "Id": "http://microsoft.com/appmagic/timer",
          "Version": "2.1.0",
          "LastModifiedTimestamp": "0",
          "Name": "timer",
          "FirstParty": true,
          "IsPremiumPcfControl": false,
          "IsCustomGroupControlTemplate": false,
          "CustomGroupControlTemplateName": "",
          "IsComponentDefinition": false,
          "OverridableProperties": {}
        },
        "Index": 0,
        "PublishOrderIndex": 1,
        "VariantName": "",
        "LayoutName": "",
        "MetaDataIDKey": "",
        "PersistMetaDataIDKey": false,
        "IsFromScreenLayout": false,
        "StyleName": "defaultTimerStyle",
        "Parent": "scrWelcome",
        "IsDataControl": false,
        "AllowAccessToGlobals": true,
        "OptimizeForDevices": "Off",
        "IsGroupControl": false,
        "IsAutoGenerated": false,
        "Rules": [
          {
            "Property": "Text",
            "Category": "Data",
            "InvariantScript": "Text(Time(0, 0, Self.Value/1000), \"hh:mm:ss\")",
            "RuleProviderType": "Unknown"
          },
          {
            "Property": "Duration",
            "Category": "Data",
            "InvariantScript": "3000",
            "RuleProviderType": "Unknown"
          },
          {
            "Property": "AutoStart",
            "Category": "Data",
            "InvariantScript": "true",
            "RuleProviderType": "Unknown"
          },
          {
            "Property": "BorderColor",
            "Category": "Design",
            "InvariantScript": "ColorFade(Self.Fill, -15%)",
            "RuleProviderType": "Unknown"
          },
          {
            "Property": "DisabledBorderColor",
            "Category": "Design",
            "InvariantScript": "ColorFade(Self.BorderColor, 70%)",
            "RuleProviderType": "Unknown"
          },
          {
            "Property": "PressedBorderColor",
            "Category": "Design",
            "InvariantScript": "Self.Fill",
            "RuleProviderType": "Unknown"
          },
          {
            "Property": "HoverBorderColor",
            "Category": "Design",
            "InvariantScript": "ColorFade(Self.BorderColor, 20%)",
            "RuleProviderType": "Unknown"
          },
          {
            "Property": "BorderStyle",
            "Category": "Design",
            "InvariantScript": "BorderStyle.Solid",
            "RuleProviderType": "Unknown"
          },
          {
            "Property": "FocusedBorderColor",
            "Category": "Design",
            "InvariantScript": "Self.BorderColor",
            "RuleProviderType": "Unknown"
          },
          {
            "Property": "Color",
            "Category": "Design",
            "InvariantScript": "RGBA(255, 255, 255, 1)",
            "RuleProviderType": "Unknown"
          },
          {
            "Property": "DisabledColor",
            "Category": "Design",
            "InvariantScript": "ColorFade(Self.Fill, 90%)",
            "RuleProviderType": "Unknown"
          },
          {
            "Property": "PressedColor",
            "Category": "Design",
            "InvariantScript": "Self.Fill",
            "RuleProviderType": "Unknown"
          },
          {
            "Property": "HoverColor",
            "Category": "Design",
            "InvariantScript": "RGBA(255, 255, 255, 1)",
            "RuleProviderType": "Unknown"
          },
          {
            "Property": "DisplayMode",
            "Category": "Design",
            "InvariantScript": "DisplayMode.Edit",
            "RuleProviderType": "Unknown"
          },
          {
            "Property": "Fill",
            "Category": "Design",
            "InvariantScript": "RGBA(56, 96, 178, 1)",
            "RuleProviderType": "Unknown"
          },
          {
            "Property": "DisabledFill",
            "Category": "Design",
            "InvariantScript": "ColorFade(Self.Fill, 70%)",
            "RuleProviderType": "Unknown"
          },
          {
            "Property": "PressedFill",
            "Category": "Design",
            "InvariantScript": "Self.Color",
            "RuleProviderType": "Unknown"
          },
          {
            "Property": "HoverFill",
            "Category": "Design",
            "InvariantScript": "ColorFade(RGBA(56, 96, 178, 1), -20%)",
            "RuleProviderType": "Unknown"
          },
          {
            "Property": "Font",
            "Category": "Design",
            "InvariantScript": "Font.'Open Sans'",
            "RuleProviderType": "Unknown"
          },
          {
            "Property": "FontWeight",
            "Category": "Design",
            "InvariantScript": "FontWeight.Normal",
            "RuleProviderType": "Unknown"
          },
          {
            "Property": "Align",
            "Category": "Design",
            "InvariantScript": "Align.Center",
            "RuleProviderType": "Unknown"
          },
          {
            "Property": "VerticalAlign",
            "Category": "Design",
            "InvariantScript": "VerticalAlign.Middle",
            "RuleProviderType": "Unknown"
          },
          {
            "Property": "X",
            "Category": "Design",
            "InvariantScript": "0",
            "RuleProviderType": "Unknown"
          },
          {
            "Property": "Y",
            "Category": "Design",
            "InvariantScript": "0",
            "RuleProviderType": "Unknown"
          },
          {
            "Property": "Width",
            "Category": "Design",
            "InvariantScript": "1",
            "RuleProviderType": "Unknown"
          },
          {
            "Property": "Height",
            "Category": "Design",
            "InvariantScript": "1",
            "RuleProviderType": "Unknown"
          },
          {
            "Property": "ZIndex",
            "Category": "Design",
            "InvariantScript": "4",
            "RuleProviderType": "Unknown"
          },
          {
            "Property": "BorderThickness",
            "Category": "Design",
            "InvariantScript": "2",
            "RuleProviderType": "Unknown"
          },
          {
            "Property": "FocusedBorderThickness",
            "Category": "Design",
            "InvariantScript": "4",
            "RuleProviderType": "Unknown"
          },
          {
            "Property": "Size",
            "Category": "Design",
            "InvariantScript": "13",
            "RuleProviderType": "Unknown"
          },
          {
            "Property": "Visible",
            "Category": "Design",
            "InvariantScript": "false",
            "RuleProviderType": "Unknown"
          },
          {
            "Property": "OnTimerEnd",
            "Category": "Behavior",
            "InvariantScript": "Navigate(scrNotice, ScreenTransition.Fade)",
            "RuleProviderType": "User"
          }
        ],
        "ControlPropertyState": [
          "Text",
          "BorderColor",
          "DisabledBorderColor",
          "PressedBorderColor",
          "HoverBorderColor",
          "BorderStyle",
          "FocusedBorderColor",
          "Color",
          "DisabledColor",
          "PressedColor",
          "HoverColor",
          "DisplayMode",
          "Fill",
          "DisabledFill",
          "PressedFill",
          "HoverFill",
          "Font",
          "FontWeight",
          "Align",
          "VerticalAlign",
          {
            "InvariantPropertyName": "X",
            "AutoRuleBindingEnabled": false,
            "AutoRuleBindingString": "",
            "NameMapSourceSchema": "?",
            "IsLockable": false,
            "AFDDataSourceName": ""
          },
          {
            "InvariantPropertyName": "Y",
            "AutoRuleBindingEnabled": false,
            "AutoRuleBindingString": "",
            "NameMapSourceSchema": "?",
            "IsLockable": false,
            "AFDDataSourceName": ""
          },
          {
            "InvariantPropertyName": "Width",
            "AutoRuleBindingEnabled": false,
            "AutoRuleBindingString": "",
            "NameMapSourceSchema": "?",
            "IsLockable": false,
            "AFDDataSourceName": ""
          },
          {
            "InvariantPropertyName": "Height",
            "AutoRuleBindingEnabled": false,
            "AutoRuleBindingString": "",
            "NameMapSourceSchema": "?",
            "IsLockable": false,
            "AFDDataSourceName": ""
          },
          "ZIndex",
          "BorderThickness",
          "FocusedBorderThickness",
          "Size",
          {
            "InvariantPropertyName": "Duration",
            "AutoRuleBindingEnabled": false,
            "AutoRuleBindingString": "",
            "NameMapSourceSchema": "?",
            "IsLockable": false,
            "AFDDataSourceName": ""
          },
          {
            "InvariantPropertyName": "AutoStart",
            "AutoRuleBindingEnabled": false,
            "AutoRuleBindingString": "",
            "NameMapSourceSchema": "?",
            "IsLockable": false,
            "AFDDataSourceName": ""
          },
          {
            "InvariantPropertyName": "Visible",
            "AutoRuleBindingEnabled": false,
            "AutoRuleBindingString": "",
            "NameMapSourceSchema": "?",
            "IsLockable": false,
            "AFDDataSourceName": ""
          },
          {
            "InvariantPropertyName": "OnTimerEnd",
            "AutoRuleBindingEnabled": false,
            "AutoRuleBindingString": "false",
            "NameMapSourceSchema": "?",
            "IsLockable": false,
            "AFDDataSourceName": ""
          }
        ],
        "IsLocked": false,
        "ControlUniqueId": "24",
        "Children": []
      },
      {
        "Type": "ControlInfo",
        "Name": "InnerBorder",
        "HasDynamicProperties": false,
        "Template": {
          "Id": "http://microsoft.com/appmagic/shapes/rectangle",
          "Version": "2.3.0",
          "LastModifiedTimestamp": "0",
          "Name": "rectangle",
          "FirstParty": true,
          "IsPremiumPcfControl": false,
          "IsCustomGroupControlTemplate": false,
          "CustomGroupControlTemplateName": "",
          "IsComponentDefinition": false,
          "OverridableProperties": {}
        },
        "Index": 0,
        "PublishOrderIndex": 2,
        "VariantName": "",
        "LayoutName": "",
        "MetaDataIDKey": "",
        "PersistMetaDataIDKey": false,
        "IsFromScreenLayout": false,
        "StyleName": "defaultRectangleStyle",
        "Parent": "scrWelcome",
        "IsDataControl": false,
        "AllowAccessToGlobals": true,
        "OptimizeForDevices": "Off",
        "IsGroupControl": false,
        "IsAutoGenerated": false,
        "Rules": [
          {
            "Property": "AccessibleLabel",
            "Category": "Data",
            "InvariantScript": "\"\"",
            "RuleProviderType": "Unknown"
          },
          {
            "Property": "Tooltip",
            "Category": "Data",
            "InvariantScript": "\"\"",
            "RuleProviderType": "Unknown"
          },
          {
            "Property": "ContentLanguage",
            "Category": "Data",
            "InvariantScript": "\"\"",
            "RuleProviderType": "Unknown"
          },
          {
            "Property": "Fill",
            "Category": "Design",
            "InvariantScript": "Color.White",
            "RuleProviderType": "Unknown"
          },
          {
            "Property": "DisabledFill",
            "Category": "Design",
            "InvariantScript": "Self.Fill",
            "RuleProviderType": "Unknown"
          },
          {
            "Property": "PressedFill",
            "Category": "Design",
            "InvariantScript": "Self.Fill",
            "RuleProviderType": "Unknown"
          },
          {
            "Property": "HoverFill",
            "Category": "Design",
            "InvariantScript": "Self.Fill",
            "RuleProviderType": "Unknown"
          },
          {
            "Property": "BorderColor",
            "Category": "Design",
            "InvariantScript": "RGBA(0, 18, 107, 1)",
            "RuleProviderType": "Unknown"
          },
          {
            "Property": "BorderStyle",
            "Category": "Design",
            "InvariantScript": "BorderStyle.Solid",
            "RuleProviderType": "Unknown"
          },
          {
            "Property": "BorderThickness",
            "Category": "Design",
            "InvariantScript": "0",
            "RuleProviderType": "Unknown"
          },
          {
            "Property": "FocusedBorderColor",
            "Category": "Design",
            "InvariantScript": "Self.BorderColor",
            "RuleProviderType": "Unknown"
          },
          {
            "Property": "FocusedBorderThickness",
            "Category": "Design",
            "InvariantScript": "2",
            "RuleProviderType": "Unknown"
          },
          {
            "Property": "Visible",
            "Category": "Design",
            "InvariantScript": "true",
            "RuleProviderType": "Unknown"
          },
          {
            "Property": "DisplayMode",
            "Category": "Design",
            "InvariantScript": "DisplayMode.Edit",
            "RuleProviderType": "Unknown"
          },
          {
            "Property": "TabIndex",
            "Category": "Design",
            "InvariantScript": "-1",
            "RuleProviderType": "Unknown"
          },
          {
            "Property": "X",
            "Category": "Design",
            "InvariantScript": "varPagePadding",
            "RuleProviderType": "Unknown"
          },
          {
            "Property": "Y",
            "Category": "Design",
            "InvariantScript": "varPagePadding",
            "RuleProviderType": "Unknown"
          },
          {
            "Property": "Width",
            "Category": "Design",
            "InvariantScript": "App.Width - (varPagePadding * 2)",
            "RuleProviderType": "Unknown"
          },
          {
            "Property": "Height",
            "Category": "Design",
            "InvariantScript": "App.Height - (varPagePadding * 2)",
            "RuleProviderType": "Unknown"
          },
          {
            "Property": "minimumWidth",
            "Category": "Design",
            "InvariantScript": "1",
            "RuleProviderType": "Unknown"
          },
          {
            "Property": "minimumHeight",
            "Category": "Design",
            "InvariantScript": "1",
            "RuleProviderType": "Unknown"
          },
          {
            "Property": "maximumWidth",
            "Category": "Design",
            "InvariantScript": "1366",
            "RuleProviderType": "Unknown"
          },
          {
            "Property": "maximumHeight",
            "Category": "Design",
            "InvariantScript": "768",
            "RuleProviderType": "Unknown"
          },
          {
            "Property": "PreserveAspectRatio",
            "Category": "Design",
            "InvariantScript": "false",
            "RuleProviderType": "Unknown"
          },
          {
            "Property": "ZIndex",
            "Category": "Design",
            "InvariantScript": "2",
            "RuleProviderType": "Unknown"
          },
          {
            "Property": "OnSelect",
            "Category": "Behavior",
            "InvariantScript": "false",
            "RuleProviderType": "Unknown"
          }
        ],
        "ControlPropertyState": [
          "AccessibleLabel",
          "Tooltip",
          "ContentLanguage",
          "Fill",
          "DisabledFill",
          "PressedFill",
          "HoverFill",
          "BorderColor",
          "BorderStyle",
          "BorderThickness",
          "FocusedBorderColor",
          "FocusedBorderThickness",
          "Visible",
          "DisplayMode",
          "TabIndex",
          "X",
          "Y",
          "Width",
          "Height",
          "OnSelect",
          "minimumWidth",
          "minimumHeight",
          "maximumWidth",
          "maximumHeight",
          "PreserveAspectRatio",
          "ZIndex"
        ],
        "IsLocked": false,
        "ControlUniqueId": "25",
        "Children": []
      },
      {
        "Type": "ControlInfo",
        "Name": "imgLogo",
        "HasDynamicProperties": false,
        "Template": {
          "Id": "http://microsoft.com/appmagic/image",
          "Version": "2.2.3",
          "LastModifiedTimestamp": "0",
          "Name": "image",
          "FirstParty": true,
          "IsPremiumPcfControl": false,
          "IsCustomGroupControlTemplate": false,
          "CustomGroupControlTemplateName": "",
          "IsComponentDefinition": false,
          "OverridableProperties": {}
        },
        "Index": 0,
        "PublishOrderIndex": 3,
        "VariantName": "",
        "LayoutName": "",
        "MetaDataIDKey": "",
        "PersistMetaDataIDKey": false,
        "IsFromScreenLayout": false,
        "StyleName": "defaultImageStyle",
        "Parent": "scrWelcome",
        "IsDataControl": false,
        "AllowAccessToGlobals": true,
        "OptimizeForDevices": "Off",
        "IsGroupControl": false,
        "IsAutoGenerated": false,
        "Rules": [
          {
            "Property": "Image",
            "Category": "Data",
            "InvariantScript": "'VA AI Assistant v1.3'",
            "RuleProviderType": "Unknown"
          },
          {
            "Property": "ImagePosition",
            "Category": "Design",
            "InvariantScript": "ImagePosition.Fit",
            "RuleProviderType": "Unknown"
          },
          {
            "Property": "ImageRotation",
            "Category": "Design",
            "InvariantScript": "ImageRotation.None",
            "RuleProviderType": "Unknown"
          },
          {
            "Property": "X",
            "Category": "Design",
            "InvariantScript": "(App.Width - Self.Width) / 2",
            "RuleProviderType": "User"
          },
          {
            "Property": "Y",
            "Category": "Design",
            "InvariantScript": "(App.Height - Self.Height) / 2",
            "RuleProviderType": "User"
          },
          {
            "Property": "Width",
            "Category": "Design",
            "InvariantScript": "948",
            "RuleProviderType": "Unknown"
          },
          {
            "Property": "Height",
            "Category": "Design",
            "InvariantScript": "543",
            "RuleProviderType": "Unknown"
          },
          {
            "Property": "Fill",
            "Category": "Design",
            "InvariantScript": "RGBA(0, 0, 0, 0)",
            "RuleProviderType": "Unknown"
          },
          {
            "Property": "DisabledFill",
            "Category": "Design",
            "InvariantScript": "RGBA(244, 244, 244, 1)",
            "RuleProviderType": "Unknown"
          },
          {
            "Property": "PressedFill",
            "Category": "Design",
            "InvariantScript": "ColorFade(Self.Fill, -20%)",
            "RuleProviderType": "Unknown"
          },
          {
            "Property": "HoverFill",
            "Category": "Design",
            "InvariantScript": "ColorFade(Self.Fill, 20%)",
            "RuleProviderType": "Unknown"
          },
          {
            "Property": "BorderColor",
            "Category": "Design",
            "InvariantScript": "RGBA(0, 18, 107, 1)",
            "RuleProviderType": "Unknown"
          },
          {
            "Property": "DisabledBorderColor",
            "Category": "Design",
            "InvariantScript": "RGBA(166, 166, 166, 1)",
            "RuleProviderType": "Unknown"
          },
          {
            "Property": "PressedBorderColor",
            "Category": "Design",
            "InvariantScript": "ColorFade(Self.BorderColor, -20%)",
            "RuleProviderType": "Unknown"
          },
          {
            "Property": "HoverBorderColor",
            "Category": "Design",
            "InvariantScript": "ColorFade(Self.BorderColor, 20%)",
            "RuleProviderType": "Unknown"
          },
          {
            "Property": "FocusedBorderColor",
            "Category": "Design",
            "InvariantScript": "Self.BorderColor",
            "RuleProviderType": "Unknown"
          },
          {
            "Property": "BorderStyle",
            "Category": "Design",
            "InvariantScript": "BorderStyle.Solid",
            "RuleProviderType": "Unknown"
          },
          {
            "Property": "DisplayMode",
            "Category": "Design",
            "InvariantScript": "DisplayMode.Edit",
            "RuleProviderType": "Unknown"
          },
          {
            "Property": "ZIndex",
            "Category": "Design",
            "InvariantScript": "3",
            "RuleProviderType": "Unknown"
          },
          {
            "Property": "RadiusTopLeft",
            "Category": "Design",
            "InvariantScript": "0",
            "RuleProviderType": "Unknown"
          },
          {
            "Property": "RadiusTopRight",
            "Category": "Design",
            "InvariantScript": "0",
            "RuleProviderType": "Unknown"
          },
          {
            "Property": "RadiusBottomLeft",
            "Category": "Design",
            "InvariantScript": "0",
            "RuleProviderType": "Unknown"
          },
          {
            "Property": "RadiusBottomRight",
            "Category": "Design",
            "InvariantScript": "0",
            "RuleProviderType": "Unknown"
          },
          {
            "Property": "BorderThickness",
            "Category": "Design",
            "InvariantScript": "0",
            "RuleProviderType": "Unknown"
          },
          {
            "Property": "FocusedBorderThickness",
            "Category": "Design",
            "InvariantScript": "2",
            "RuleProviderType": "Unknown"
          },
          {
            "Property": "PaddingTop",
            "Category": "Design",
            "InvariantScript": "0",
            "RuleProviderType": "Unknown"
          },
          {
            "Property": "PaddingRight",
            "Category": "Design",
            "InvariantScript": "0",
            "RuleProviderType": "Unknown"
          },
          {
            "Property": "PaddingBottom",
            "Category": "Design",
            "InvariantScript": "0",
            "RuleProviderType": "Unknown"
          },
          {
            "Property": "PaddingLeft",
            "Category": "Design",
            "InvariantScript": "0",
            "RuleProviderType": "Unknown"
          }
        ],
        "ControlPropertyState": [
          {
            "InvariantPropertyName": "Image",
            "AutoRuleBindingEnabled": false,
            "AutoRuleBindingString": "SampleImage",
            "NameMapSourceSchema": "?",
            "IsLockable": false,
            "AFDDataSourceName": ""
          },
          "ImagePosition",
          "ImageRotation",
          {
            "InvariantPropertyName": "X",
            "AutoRuleBindingEnabled": false,
            "AutoRuleBindingString": "209",
            "NameMapSourceSchema": "?",
            "IsLockable": false,
            "AFDDataSourceName": ""
          },
          {
            "InvariantPropertyName": "Y",
            "AutoRuleBindingEnabled": false,
            "AutoRuleBindingString": "112",
            "NameMapSourceSchema": "?",
            "IsLockable": false,
            "AFDDataSourceName": ""
          },
          "Width",
          "Height",
          "Fill",
          "DisabledFill",
          "PressedFill",
          "HoverFill",
          "BorderColor",
          "DisabledBorderColor",
          "PressedBorderColor",
          "HoverBorderColor",
          "FocusedBorderColor",
          "BorderStyle",
          "DisplayMode",
          "ZIndex",
          "RadiusTopLeft",
          "RadiusTopRight",
          "RadiusBottomLeft",
          "RadiusBottomRight",
          "BorderThickness",
          "FocusedBorderThickness",
          "PaddingTop",
          "PaddingRight",
          "PaddingBottom",
          "PaddingLeft"
        ],
        "IsLocked": false,
        "ControlUniqueId": "26",
        "Children": []
      },
      {
        "Type": "ControlInfo",
        "Name": "btnAppVersion",
        "HasDynamicProperties": false,
        "Template": {
          "Id": "http://microsoft.com/appmagic/button",
          "Version": "2.2.0",
          "LastModifiedTimestamp": "0",
          "Name": "button",
          "FirstParty": true,
          "IsPremiumPcfControl": false,
          "IsCustomGroupControlTemplate": false,
          "CustomGroupControlTemplateName": "",
          "IsComponentDefinition": false,
          "OverridableProperties": {}
        },
        "Index": 0,
        "PublishOrderIndex": 4,
        "VariantName": "",
        "LayoutName": "",
        "MetaDataIDKey": "",
        "PersistMetaDataIDKey": false,
        "IsFromScreenLayout": false,
        "StyleName": "defaultButtonStyle",
        "Parent": "scrWelcome",
        "IsDataControl": false,
        "AllowAccessToGlobals": true,
        "OptimizeForDevices": "Off",
        "IsGroupControl": false,
        "IsAutoGenerated": false,
        "Rules": [
          {
            "Property": "Text",
            "Category": "Data",
            "InvariantScript": "\"v\" & varAppVersion",
            "RuleProviderType": "User"
          },
          {
            "Property": "BorderColor",
            "Category": "Design",
            "InvariantScript": "ColorFade(Self.Fill, -15%)",
            "RuleProviderType": "Unknown"
          },
          {
            "Property": "DisabledBorderColor",
            "Category": "Design",
            "InvariantScript": "RGBA(166, 166, 166, 1)",
            "RuleProviderType": "Unknown"
          },
          {
            "Property": "PressedBorderColor",
            "Category": "Design",
            "InvariantScript": "Self.Fill",
            "RuleProviderType": "Unknown"
          },
          {
            "Property": "HoverBorderColor",
            "Category": "Design",
            "InvariantScript": "ColorFade(Self.BorderColor, 20%)",
            "RuleProviderType": "Unknown"
          },
          {
            "Property": "BorderStyle",
            "Category": "Design",
            "InvariantScript": "BorderStyle.Solid",
            "RuleProviderType": "Unknown"
          },
          {
            "Property": "FocusedBorderColor",
            "Category": "Design",
            "InvariantScript": "Self.BorderColor",
            "RuleProviderType": "Unknown"
          },
          {
            "Property": "Color",
            "Category": "Design",
            "InvariantScript": "RGBA(255, 255, 255, 1)",
            "RuleProviderType": "Unknown"
          },
          {
            "Property": "DisabledColor",
            "Category": "Design",
            "InvariantScript": "RGBA(166, 166, 166, 1)",
            "RuleProviderType": "Unknown"
          },
          {
            "Property": "PressedColor",
            "Category": "Design",
            "InvariantScript": "Self.Fill",
            "RuleProviderType": "Unknown"
          },
          {
            "Property": "HoverColor",
            "Category": "Design",
            "InvariantScript": "RGBA(255, 255, 255, 1)",
            "RuleProviderType": "Unknown"
          },
          {
            "Property": "DisplayMode",
            "Category": "Design",
            "InvariantScript": "DisplayMode.Edit",
            "RuleProviderType": "Unknown"
          },
          {
            "Property": "Fill",
            "Category": "Design",
            "InvariantScript": "ColorSuccessGreen",
            "RuleProviderType": "User"
          },
          {
            "Property": "DisabledFill",
            "Category": "Design",
            "InvariantScript": "RGBA(244, 244, 244, 1)",
            "RuleProviderType": "Unknown"
          },
          {
            "Property": "PressedFill",
            "Category": "Design",
            "InvariantScript": "Self.Color",
            "RuleProviderType": "Unknown"
          },
          {
            "Property": "HoverFill",
            "Category": "Design",
            "InvariantScript": "ColorFade(RGBA(56, 96, 178, 1), -20%)",
            "RuleProviderType": "Unknown"
          },
          {
            "Property": "Font",
            "Category": "Design",
            "InvariantScript": "Font.'Segoe UI'",
            "RuleProviderType": "Unknown"
          },
          {
            "Property": "FontWeight",
            "Category": "Design",
            "InvariantScript": "FontWeight.Semibold",
            "RuleProviderType": "Unknown"
          },
          {
            "Property": "Align",
            "Category": "Design",
            "InvariantScript": "Align.Center",
            "RuleProviderType": "Unknown"
          },
          {
            "Property": "VerticalAlign",
            "Category": "Design",
            "InvariantScript": "VerticalAlign.Middle",
            "RuleProviderType": "Unknown"
          },
          {
            "Property": "X",
            "Category": "Design",
            "InvariantScript": "imgLogo.X + (imgLogo.Width/2) - 120",
            "RuleProviderType": "User"
          },
          {
            "Property": "Y",
            "Category": "Design",
            "InvariantScript": "imgLogo.Y + (imgLogo.Height/2) + 60",
            "RuleProviderType": "User"
          },
          {
            "Property": "Width",
            "Category": "Design",
            "InvariantScript": "60",
            "RuleProviderType": "Unknown"
          },
          {
            "Property": "Height",
            "Category": "Design",
            "InvariantScript": "25",
            "RuleProviderType": "Unknown"
          },
          {
            "Property": "ZIndex",
            "Category": "Design",
            "InvariantScript": "8",
            "RuleProviderType": "Unknown"
          },
          {
            "Property": "RadiusTopLeft",
            "Category": "Design",
            "InvariantScript": "20",
            "RuleProviderType": "Unknown"
          },
          {
            "Property": "RadiusTopRight",
            "Category": "Design",
            "InvariantScript": "20",
            "RuleProviderType": "Unknown"
          },
          {
            "Property": "RadiusBottomLeft",
            "Category": "Design",
            "InvariantScript": "20",
            "RuleProviderType": "Unknown"
          },
          {
            "Property": "RadiusBottomRight",
            "Category": "Design",
            "InvariantScript": "20",
            "RuleProviderType": "Unknown"
          },
          {
            "Property": "BorderThickness",
            "Category": "Design",
            "InvariantScript": "2",
            "RuleProviderType": "Unknown"
          },
          {
            "Property": "FocusedBorderThickness",
            "Category": "Design",
            "InvariantScript": "4",
            "RuleProviderType": "Unknown"
          },
          {
            "Property": "Size",
            "Category": "Design",
            "InvariantScript": "12",
            "RuleProviderType": "Unknown"
          },
          {
            "Property": "Italic",
            "Category": "Design",
            "InvariantScript": "false",
            "RuleProviderType": "Unknown"
          },
          {
            "Property": "Underline",
            "Category": "Design",
            "InvariantScript": "false",
            "RuleProviderType": "Unknown"
          },
          {
            "Property": "Strikethrough",
            "Category": "Design",
            "InvariantScript": "false",
            "RuleProviderType": "Unknown"
          }
        ],
        "ControlPropertyState": [
          {
            "InvariantPropertyName": "Text",
            "AutoRuleBindingEnabled": false,
            "AutoRuleBindingString": "\"Button\"",
            "NameMapSourceSchema": "?",
            "IsLockable": false,
            "AFDDataSourceName": ""
          },
          "BorderColor",
          "DisabledBorderColor",
          "PressedBorderColor",
          "HoverBorderColor",
          "BorderStyle",
          "FocusedBorderColor",
          "Color",
          "DisabledColor",
          "PressedColor",
          "HoverColor",
          "DisplayMode",
          {
            "InvariantPropertyName": "Fill",
            "AutoRuleBindingEnabled": false,
            "AutoRuleBindingString": "RGBA(56, 96, 178, 1)",
            "NameMapSourceSchema": "?",
            "IsLockable": false,
            "AFDDataSourceName": ""
          },
          "DisabledFill",
          "PressedFill",
          "HoverFill",
          {
            "InvariantPropertyName": "Font",
            "AutoRuleBindingEnabled": false,
            "AutoRuleBindingString": "",
            "NameMapSourceSchema": "?",
            "IsLockable": false,
            "AFDDataSourceName": ""
          },
          "FontWeight",
          "Align",
          "VerticalAlign",
          {
            "InvariantPropertyName": "X",
            "AutoRuleBindingEnabled": false,
            "AutoRuleBindingString": "564",
            "NameMapSourceSchema": "?",
            "IsLockable": false,
            "AFDDataSourceName": ""
          },
          {
            "InvariantPropertyName": "Y",
            "AutoRuleBindingEnabled": false,
            "AutoRuleBindingString": "452",
            "NameMapSourceSchema": "?",
            "IsLockable": false,
            "AFDDataSourceName": ""
          },
          {
            "InvariantPropertyName": "Width",
            "AutoRuleBindingEnabled": false,
            "AutoRuleBindingString": "",
            "NameMapSourceSchema": "?",
            "IsLockable": false,
            "AFDDataSourceName": ""
          },
          {
            "InvariantPropertyName": "Height",
            "AutoRuleBindingEnabled": false,
            "AutoRuleBindingString": "",
            "NameMapSourceSchema": "?",
            "IsLockable": false,
            "AFDDataSourceName": ""
          },
          "ZIndex",
          {
            "InvariantPropertyName": "RadiusTopLeft",
            "AutoRuleBindingEnabled": false,
            "AutoRuleBindingString": "",
            "NameMapSourceSchema": "?",
            "IsLockable": false,
            "AFDDataSourceName": ""
          },
          {
            "InvariantPropertyName": "RadiusTopRight",
            "AutoRuleBindingEnabled": false,
            "AutoRuleBindingString": "",
            "NameMapSourceSchema": "?",
            "IsLockable": false,
            "AFDDataSourceName": ""
          },
          {
            "InvariantPropertyName": "RadiusBottomLeft",
            "AutoRuleBindingEnabled": false,
            "AutoRuleBindingString": "",
            "NameMapSourceSchema": "?",
            "IsLockable": false,
            "AFDDataSourceName": ""
          },
          {
            "InvariantPropertyName": "RadiusBottomRight",
            "AutoRuleBindingEnabled": false,
            "AutoRuleBindingString": "",
            "NameMapSourceSchema": "?",
            "IsLockable": false,
            "AFDDataSourceName": ""
          },
          "BorderThickness",
          "FocusedBorderThickness",
          {
            "InvariantPropertyName": "Size",
            "AutoRuleBindingEnabled": false,
            "AutoRuleBindingString": "",
            "NameMapSourceSchema": "?",
            "IsLockable": false,
            "AFDDataSourceName": ""
          },
          "Italic",
          "Underline",
          "Strikethrough"
        ],
        "IsLocked": false,
        "ControlUniqueId": "27",
        "Children": []
      },
      {
        "Type": "ControlInfo",
        "Name": "Circle1",
        "HasDynamicProperties": false,
        "Template": {
          "Id": "http://microsoft.com/appmagic/shapes/circle",
          "Version": "2.3.0",
          "LastModifiedTimestamp": "0",
          "Name": "circle",
          "FirstParty": true,
          "IsPremiumPcfControl": false,
          "IsCustomGroupControlTemplate": false,
          "CustomGroupControlTemplateName": "",
          "IsComponentDefinition": false,
          "OverridableProperties": {}
        },
        "Index": 0,
        "PublishOrderIndex": 5,
        "VariantName": "",
        "LayoutName": "",
        "MetaDataIDKey": "",
        "PersistMetaDataIDKey": false,
        "IsFromScreenLayout": false,
        "StyleName": "defaultCircleStyle",
        "Parent": "scrWelcome",
        "IsDataControl": false,
        "AllowAccessToGlobals": true,
        "OptimizeForDevices": "Off",
        "IsGroupControl": false,
        "IsAutoGenerated": false,
        "Rules": [
          {
            "Property": "Fill",
            "Category": "Design",
            "InvariantScript": "ColorNavy",
            "RuleProviderType": "User"
          },
          {
            "Property": "DisabledFill",
            "Category": "Design",
            "InvariantScript": "Self.Fill",
            "RuleProviderType": "Unknown"
          },
          {
            "Property": "PressedFill",
            "Category": "Design",
            "InvariantScript": "Self.Fill",
            "RuleProviderType": "Unknown"
          },
          {
            "Property": "HoverFill",
            "Category": "Design",
            "InvariantScript": "Self.Fill",
            "RuleProviderType": "Unknown"
          },
          {
            "Property": "BorderColor",
            "Category": "Design",
            "InvariantScript": "RGBA(0, 18, 107, 1)",
            "RuleProviderType": "Unknown"
          },
          {
            "Property": "BorderStyle",
            "Category": "Design",
            "InvariantScript": "BorderStyle.Solid",
            "RuleProviderType": "Unknown"
          },
          {
            "Property": "FocusedBorderColor",
            "Category": "Design",
            "InvariantScript": "Self.BorderColor",
            "RuleProviderType": "Unknown"
          },
          {
            "Property": "DisplayMode",
            "Category": "Design",
            "InvariantScript": "DisplayMode.Edit",
            "RuleProviderType": "Unknown"
          },
          {
            "Property": "X",
            "Category": "Design",
            "InvariantScript": "1236",
            "RuleProviderType": "Unknown"
          },
          {
            "Property": "Y",
            "Category": "Design",
            "InvariantScript": "704",
            "RuleProviderType": "Unknown"
          },
          {
            "Property": "Width",
            "Category": "Design",
            "InvariantScript": "15",
            "RuleProviderType": "Unknown"
          },
          {
            "Property": "Height",
            "Category": "Design",
            "InvariantScript": "15",
            "RuleProviderType": "Unknown"
          },
          {
            "Property": "ZIndex",
            "Category": "Design",
            "InvariantScript": "5",
            "RuleProviderType": "Unknown"
          },
          {
            "Property": "BorderThickness",
            "Category": "Design",
            "InvariantScript": "0",
            "RuleProviderType": "Unknown"
          },
          {
            "Property": "Visible",
            "Category": "Design",
            "InvariantScript": "tmrAutoTransition.Value < 1000",
            "RuleProviderType": "User"
          }
        ],
        "ControlPropertyState": [
          {
            "InvariantPropertyName": "Fill",
            "AutoRuleBindingEnabled": false,
            "AutoRuleBindingString": "RGBA(56, 96, 178, 1)",
            "NameMapSourceSchema": "?",
            "IsLockable": false,
            "AFDDataSourceName": ""
          },
          "DisabledFill",
          "PressedFill",
          "HoverFill",
          "BorderColor",
          "BorderStyle",
          "FocusedBorderColor",
          "DisplayMode",
          "X",
          "Y",
          {
            "InvariantPropertyName": "Width",
            "AutoRuleBindingEnabled": false,
            "AutoRuleBindingString": "",
            "NameMapSourceSchema": "?",
            "IsLockable": false,
            "AFDDataSourceName": ""
          },
          "Height",
          "ZIndex",
          "BorderThickness",
          {
            "InvariantPropertyName": "Visible",
            "AutoRuleBindingEnabled": false,
            "AutoRuleBindingString": "true",
            "NameMapSourceSchema": "?",
            "IsLockable": false,
            "AFDDataSourceName": ""
          }
        ],
        "IsLocked": false,
        "ControlUniqueId": "28",
        "Children": []
      },
      {
        "Type": "ControlInfo",
        "Name": "Circle1_1",
        "HasDynamicProperties": false,
        "Template": {
          "Id": "http://microsoft.com/appmagic/shapes/circle",
          "Version": "2.3.0",
          "LastModifiedTimestamp": "0",
          "Name": "circle",
          "FirstParty": true,
          "IsPremiumPcfControl": false,
          "IsCustomGroupControlTemplate": false,
          "CustomGroupControlTemplateName": "",
          "IsComponentDefinition": false,
          "OverridableProperties": {}
        },
        "Index": 0,
        "PublishOrderIndex": 6,
        "VariantName": "",
        "LayoutName": "",
        "MetaDataIDKey": "",
        "PersistMetaDataIDKey": false,
        "IsFromScreenLayout": false,
        "StyleName": "defaultCircleStyle",
        "Parent": "scrWelcome",
        "IsDataControl": false,
        "AllowAccessToGlobals": true,
        "OptimizeForDevices": "Off",
        "IsGroupControl": false,
        "IsAutoGenerated": false,
        "Rules": [
          {
            "Property": "AccessibleLabel",
            "Category": "Data",
            "InvariantScript": "\"\"",
            "RuleProviderType": "Unknown"
          },
          {
            "Property": "Tooltip",
            "Category": "Data",
            "InvariantScript": "\"\"",
            "RuleProviderType": "Unknown"
          },
          {
            "Property": "ContentLanguage",
            "Category": "Data",
            "InvariantScript": "\"\"",
            "RuleProviderType": "Unknown"
          },
          {
            "Property": "Fill",
            "Category": "Design",
            "InvariantScript": "ColorNavy",
            "RuleProviderType": "User"
          },
          {
            "Property": "DisabledFill",
            "Category": "Design",
            "InvariantScript": "Self.Fill",
            "RuleProviderType": "Unknown"
          },
          {
            "Property": "PressedFill",
            "Category": "Design",
            "InvariantScript": "Self.Fill",
            "RuleProviderType": "Unknown"
          },
          {
            "Property": "HoverFill",
            "Category": "Design",
            "InvariantScript": "Self.Fill",
            "RuleProviderType": "Unknown"
          },
          {
            "Property": "BorderColor",
            "Category": "Design",
            "InvariantScript": "RGBA(0, 18, 107, 1)",
            "RuleProviderType": "Unknown"
          },
          {
            "Property": "BorderStyle",
            "Category": "Design",
            "InvariantScript": "BorderStyle.Solid",
            "RuleProviderType": "Unknown"
          },
          {
            "Property": "BorderThickness",
            "Category": "Design",
            "InvariantScript": "0",
            "RuleProviderType": "Unknown"
          },
          {
            "Property": "FocusedBorderColor",
            "Category": "Design",
            "InvariantScript": "Self.BorderColor",
            "RuleProviderType": "Unknown"
          },
          {
            "Property": "FocusedBorderThickness",
            "Category": "Design",
            "InvariantScript": "2",
            "RuleProviderType": "Unknown"
          },
          {
            "Property": "Visible",
            "Category": "Design",
            "InvariantScript": "tmrAutoTransition.Value > 500 && tmrAutoTransition.Value < 2000",
            "RuleProviderType": "User"
          },
          {
            "Property": "DisplayMode",
            "Category": "Design",
            "InvariantScript": "DisplayMode.Edit",
            "RuleProviderType": "Unknown"
          },
          {
            "Property": "TabIndex",
            "Category": "Design",
            "InvariantScript": "-1",
            "RuleProviderType": "Unknown"
          },
          {
            "Property": "X",
            "Category": "Design",
            "InvariantScript": "1258",
            "RuleProviderType": "Unknown"
          },
          {
            "Property": "Y",
            "Category": "Design",
            "InvariantScript": "704",
            "RuleProviderType": "Unknown"
          },
          {
            "Property": "Width",
            "Category": "Design",
            "InvariantScript": "15",
            "RuleProviderType": "Unknown"
          },
          {
            "Property": "Height",
            "Category": "Design",
            "InvariantScript": "15",
            "RuleProviderType": "Unknown"
          },
          {
            "Property": "minimumWidth",
            "Category": "Design",
            "InvariantScript": "1",
            "RuleProviderType": "Unknown"
          },
          {
            "Property": "minimumHeight",
            "Category": "Design",
            "InvariantScript": "20",
            "RuleProviderType": "Unknown"
          },
          {
            "Property": "maximumWidth",
            "Category": "Design",
            "InvariantScript": "1366",
            "RuleProviderType": "Unknown"
          },
          {
            "Property": "maximumHeight",
            "Category": "Design",
            "InvariantScript": "768",
            "RuleProviderType": "Unknown"
          },
          {
            "Property": "PreserveAspectRatio",
            "Category": "Design",
            "InvariantScript": "true",
            "RuleProviderType": "Unknown"
          },
          {
            "Property": "ZIndex",
            "Category": "Design",
            "InvariantScript": "6",
            "RuleProviderType": "Unknown"
          },
          {
            "Property": "OnSelect",
            "Category": "Behavior",
            "InvariantScript": "false",
            "RuleProviderType": "Unknown"
          }
        ],
        "ControlPropertyState": [
          "AccessibleLabel",
          "Tooltip",
          "ContentLanguage",
          "Fill",
          "DisabledFill",
          "PressedFill",
          "HoverFill",
          "BorderColor",
          "BorderStyle",
          "BorderThickness",
          "FocusedBorderColor",
          "FocusedBorderThickness",
          {
            "InvariantPropertyName": "Visible",
            "AutoRuleBindingEnabled": false,
            "AutoRuleBindingString": "true",
            "NameMapSourceSchema": "?",
            "IsLockable": false,
            "AFDDataSourceName": ""
          },
          "DisplayMode",
          "TabIndex",
          "X",
          "Y",
          "Width",
          "Height",
          "OnSelect",
          "minimumWidth",
          "minimumHeight",
          "maximumWidth",
          "maximumHeight",
          "PreserveAspectRatio",
          "ZIndex"
        ],
        "IsLocked": false,
        "ControlUniqueId": "29",
        "Children": []
      },
      {
        "Type": "ControlInfo",
        "Name": "Circle1_2",
        "HasDynamicProperties": false,
        "Template": {
          "Id": "http://microsoft.com/appmagic/shapes/circle",
          "Version": "2.3.0",
          "LastModifiedTimestamp": "0",
          "Name": "circle",
          "FirstParty": true,
          "IsPremiumPcfControl": false,
          "IsCustomGroupControlTemplate": false,
          "CustomGroupControlTemplateName": "",
          "IsComponentDefinition": false,
          "OverridableProperties": {}
        },
        "Index": 0,
        "PublishOrderIndex": 7,
        "VariantName": "",
        "LayoutName": "",
        "MetaDataIDKey": "",
        "PersistMetaDataIDKey": false,
        "IsFromScreenLayout": false,
        "StyleName": "defaultCircleStyle",
        "Parent": "scrWelcome",
        "IsDataControl": false,
        "AllowAccessToGlobals": true,
        "OptimizeForDevices": "Off",
        "IsGroupControl": false,
        "IsAutoGenerated": false,
        "Rules": [
          {
            "Property": "AccessibleLabel",
            "Category": "Data",
            "InvariantScript": "\"\"",
            "RuleProviderType": "Unknown"
          },
          {
            "Property": "Tooltip",
            "Category": "Data",
            "InvariantScript": "\"\"",
            "RuleProviderType": "Unknown"
          },
          {
            "Property": "ContentLanguage",
            "Category": "Data",
            "InvariantScript": "\"\"",
            "RuleProviderType": "Unknown"
          },
          {
            "Property": "Fill",
            "Category": "Design",
            "InvariantScript": "ColorNavy",
            "RuleProviderType": "User"
          },
          {
            "Property": "DisabledFill",
            "Category": "Design",
            "InvariantScript": "Self.Fill",
            "RuleProviderType": "Unknown"
          },
          {
            "Property": "PressedFill",
            "Category": "Design",
            "InvariantScript": "Self.Fill",
            "RuleProviderType": "Unknown"
          },
          {
            "Property": "HoverFill",
            "Category": "Design",
            "InvariantScript": "Self.Fill",
            "RuleProviderType": "Unknown"
          },
          {
            "Property": "BorderColor",
            "Category": "Design",
            "InvariantScript": "RGBA(0, 18, 107, 1)",
            "RuleProviderType": "Unknown"
          },
          {
            "Property": "BorderStyle",
            "Category": "Design",
            "InvariantScript": "BorderStyle.Solid",
            "RuleProviderType": "Unknown"
          },
          {
            "Property": "BorderThickness",
            "Category": "Design",
            "InvariantScript": "0",
            "RuleProviderType": "Unknown"
          },
          {
            "Property": "FocusedBorderColor",
            "Category": "Design",
            "InvariantScript": "Self.BorderColor",
            "RuleProviderType": "Unknown"
          },
          {
            "Property": "FocusedBorderThickness",
            "Category": "Design",
            "InvariantScript": "2",
            "RuleProviderType": "Unknown"
          },
          {
            "Property": "Visible",
            "Category": "Design",
            "InvariantScript": "tmrAutoTransition.Value > 1000",
            "RuleProviderType": "User"
          },
          {
            "Property": "DisplayMode",
            "Category": "Design",
            "InvariantScript": "DisplayMode.Edit",
            "RuleProviderType": "Unknown"
          },
          {
            "Property": "TabIndex",
            "Category": "Design",
            "InvariantScript": "-1",
            "RuleProviderType": "Unknown"
          },
          {
            "Property": "X",
            "Category": "Design",
            "InvariantScript": "1280",
            "RuleProviderType": "Unknown"
          },
          {
            "Property": "Y",
            "Category": "Design",
            "InvariantScript": "704",
            "RuleProviderType": "Unknown"
          },
          {
            "Property": "Width",
            "Category": "Design",
            "InvariantScript": "15",
            "RuleProviderType": "Unknown"
          },
          {
            "Property": "Height",
            "Category": "Design",
            "InvariantScript": "15",
            "RuleProviderType": "Unknown"
          },
          {
            "Property": "minimumWidth",
            "Category": "Design",
            "InvariantScript": "1",
            "RuleProviderType": "Unknown"
          },
          {
            "Property": "minimumHeight",
            "Category": "Design",
            "InvariantScript": "20",
            "RuleProviderType": "Unknown"
          },
          {
            "Property": "maximumWidth",
            "Category": "Design",
            "InvariantScript": "1366",
            "RuleProviderType": "Unknown"
          },
          {
            "Property": "maximumHeight",
            "Category": "Design",
            "InvariantScript": "768",
            "RuleProviderType": "Unknown"
          },
          {
            "Property": "PreserveAspectRatio",
            "Category": "Design",
            "InvariantScript": "true",
            "RuleProviderType": "Unknown"
          },
          {
            "Property": "ZIndex",
            "Category": "Design",
            "InvariantScript": "7",
            "RuleProviderType": "Unknown"
          },
          {
            "Property": "OnSelect",
            "Category": "Behavior",
            "InvariantScript": "false",
            "RuleProviderType": "Unknown"
          }
        ],
        "ControlPropertyState": [
          "AccessibleLabel",
          "Tooltip",
          "ContentLanguage",
          "Fill",
          "DisabledFill",
          "PressedFill",
          "HoverFill",
          "BorderColor",
          "BorderStyle",
          "BorderThickness",
          "FocusedBorderColor",
          "FocusedBorderThickness",
          {
            "InvariantPropertyName": "Visible",
            "AutoRuleBindingEnabled": false,
            "AutoRuleBindingString": "true",
            "NameMapSourceSchema": "?",
            "IsLockable": false,
            "AFDDataSourceName": ""
          },
          "DisplayMode",
          "TabIndex",
          {
            "InvariantPropertyName": "X",
            "AutoRuleBindingEnabled": false,
            "AutoRuleBindingString": "",
            "NameMapSourceSchema": "?",
            "IsLockable": false,
            "AFDDataSourceName": ""
          },
          "Y",
          "Width",
          "Height",
          "OnSelect",
          "minimumWidth",
          "minimumHeight",
          "maximumWidth",
          "maximumHeight",
          "PreserveAspectRatio",
          "ZIndex"
        ],
        "IsLocked": false,
        "ControlUniqueId": "30",
        "Children": []
      }
    ]
  }
}