{
  "Author": "",
  "Name": "VA AI Assistant v1_4",
  "Id": "3e1c653b-1fef-49b4-bb8a-42a2b514d822",
  "FileID": "cad2e1fc-b8ab-4965-8f37-c5de1c9e9e19",
  "LocalConnectionReferences": "{\"98c24219-39e8-448a-ab73-57ad88b48b49\":{\"id\":\"98c24219-39e8-448a-ab73-57ad88b48b49\",\"connectionInstanceId\":\"/providers/microsoft.powerapps/apis/shared_sharepointonline/connections/shared-sharepointonl-3cddd44d-b238-45d3-aade-8854815399c1\",\"dataSources\":[\"AI_Assistant_Categories\",\"AI_Assistant_Tasks\",\"AI_Assistant_Divisions\",\"AI_Assistant_UserTasks\",\"AI_Assistant_UserFavorites\"],\"datasets\":{\"https://dvagov.sharepoint.com/sites/vhatvhco\":{\"dataSources\":{\"AI_Assistant_Categories\":{\"tableName\":\"e3043e1f-3104-4c4d-9c5c-347c95b26713\"},\"AI_Assistant_Tasks\":{\"tableName\":\"38217367-0787-4f98-92ee-ea2887b38a54\"},\"AI_Assistant_Divisions\":{\"tableName\":\"0108abd2-b272-4980-8daf-4b153c485501\"},\"AI_Assistant_UserTasks\":{\"tableName\":\"5f54f55a-0ca7-41fd-8f6c-ebe9433bd8f8\"},\"AI_Assistant_UserFavorites\":{\"tableName\":\"4d8c3d03-e1c5-40d7-8052-2c675bc40a39\"}}}},\"dependencies\":{},\"dependents\":[],\"connectionRef\":{\"id\":\"/providers/microsoft.powerapps/apis/shared_sharepointonline\",\"displayName\":\"SharePoint\",\"iconUri\":\"https://conn-afd-prod-endpoint-bmc9bqahasf3grgk.b01.azurefd.net/releases/v1.0.1732/1.0.1732.4070/sharepointonline/icon.png\"}},\"9310da1e-62a6-4fcf-bd66-46e1495b0f96\":{\"id\":\"9310da1e-62a6-4fcf-bd66-46e1495b0f96\",\"connectionInstanceId\":\"/providers/microsoft.powerapps/apis/shared_office365users/connections/shared-office365user-6c686f58-7a68-4486-befa-91c29373e133\",\"dataSources\":[\"Office365Users\"],\"datasets\":{},\"dependencies\":{},\"dependents\":[],\"connectionRef\":{\"id\":\"/providers/microsoft.powerapps/apis/shared_office365users\",\"displayName\":\"Office 365 Users\",\"iconUri\":\"https://connectorsiconsfairfax.z5.web.core.usgovcloudapi.net/v1.0.1751/1.0.1751.4213/office365users/icon.png\"}}}",
  "LocalDatabaseReferences": "",
  "LibraryDependencies": "[]",
  "AppPreviewFlagsMap": {
    "delayloadscreens": true,
    "errorhandling": true,
    "enableappembeddingux": false,
    "blockmovingcontrol": true,
    "projectionmapping": true,
    "usedisplaynamemetadata": true,
    "usenonblockingonstartrule": true,
    "longlivingcache": false,
    "useguiddatatypes": true,
    "useexperimentalcdsconnector": true,
    "useenforcesavedatalimits": true,
    "webbarcodescanner": false,
    "reliableconcurrent": true,
    "datatablev2control": true,
    "nativecdsexperimental": true,
    "delaycontrolrendering": true,
    "useexperimentalsqlconnector": true,
    "disablecdsfileandlargeimage": false,
    "formuladataprefetch": true,
    "generatedebugpublishedapp": false,
    "keeprecentscreensloaded": true,
    "aibuilderserviceenrollment": false,
    "dynamicschema": false,
    "enablerowscopeonetonexpand": false,
    "herocontrols": false,
    "classiccontrols": false,
    "fluentv9controls": false,
    "fluentv9controlspreview": true,
    "onegrid": false,
    "enablepcfmoderndatasets": true,
    "optimizedforteamsmeeting": false,
    "behaviorpropertyui": true,
    "autocreateenvironmentvariables": false,
    "externalmessage": false,
    "enableonstartnavigate": false,
    "enableexcelonlinebusinessv2connector": true,
    "enableonstart": true,
    "exportimportcomponents2": true,
    "copyandmerge": false,
    "allowmultiplescreensincanvaspages": false,
    "enablecomponentscopeoldbehavior": false,
    "enablecomponentnamemaps": false,
    "enableideaspanel": true,
    "enablecreateaformula": true,
    "enablesaveloadcleardataonweb": true,
    "rtlsupport": false,
    "improvedtabstopbehavior": false,
    "rtlinstudiopreview": false,
    "cdsdataformatting": false,
    "enablerpawarecomponentdependency": true,
    "enableeditcacherefreshfrequency": false,
    "expandedsavedatasupport": true,
    "appinsightserrortracing": false,
    "appinstrumentationcorrelationtracing": false,
    "powerfxv1": false,
    "zeroalltabindexes": true,
    "dataverseactionsenabled": true,
    "pdffunction": false,
    "packagemodernruntime": false,
    "enablecopilotcontrol": true,
    "enablecopilotanswercontrol": true,
    "disableruntimepolicies": false,
    "enablelegacybarcodescanner": false,
    "enabledataverseoffline": false,
    "mobilenativerendering": false,
    "smartemaildatacard": false,
    "enableupdateifdelegation": true,
    "dataflowanalysisenabled": true,
    "showclassicthemes": false,
    "userdefinedfunctions": false,
    "userdefinedtypes": false,
    "enableeditinmcs": false,
    "disablebehaviorreturntypecheck": false,
    "commentgeneratedformulasv2": true,
    "enablecanvasappruntimecopilot": true,
    "offlineprofilegenerationemitscolumns": false,
    "proactivecontrolrename": false,
    "preferpayamlv2inux": false,
    "disablefallbacktopayamlv2": false,
    "enablelegacydatatable": false,
    "sharepointselectsenabled": false,
    "enableideaspanelbyexample": false,
    "adaptivepaging": false,
    "optimizestartscreenpublishedappload": true,
    "loadcomponentdefinitionsondemand": true,
    "tabledoesntwraprecords": true,
    "consistentreturnschemafortabularfunctions": true,
    "supportcolumnnamesasidentifiers": true,
    "powerfxdecimal": false,
    "reservedkeywords": false,
    "isemptyrequirestableargument": true,
    "primaryoutputpropertycoerciondeprecated": true
  },
  "DocumentLayoutWidth": 1366,
  "DocumentLayoutHeight": 768,
  "DocumentLayoutOrientation": "landscape",
  "DocumentLayoutScaleToFit": true,
  "DocumentLayoutMaintainAspectRatio": true,
  "DocumentLayoutLockOrientation": false,
  "ShowStatusBar": false,
  "AppCopilotSchemaName": "",
  "OriginatingVersion": "1.346",
  "DocumentAppType": "DesktopOrTablet",
  "DocumentType": "App",
  "AppCreationSource": "AppFromScratch",
  "AppDescription": "Assists AI Novices with performing VA-centric tasks by providing customizable AI prompts for use in VA GPT, MS Copilot, or Chatcopilot.",
  "ManualOfflineProfileId": "",
  "DefaultConnectedDataSourceMaxGetRowsCount": 500,
  "ContainsThirdPartyPcfControls": false,
  "ParserErrorCount": 1,
  "BindingErrorCount": 3,
  "ConnectionString": "",
  "EnableInstrumentation": false,
  "ControlCount": {
    "e8b26d673ec24f3d93ec5f143295bdec": 1,
    "groupContainer": 32,
    "label": 69,
    "text": 12,
    "dropdown": 8,
    "toggleSwitch": 3,
    "85c6cffc491041e3b959a578e2cc3b48": 1,
    "button": 21,
    "screen": 7,
    "rectangle": 17,
    "image": 8,
    "timer": 2,
    "circle": 3,
    "gallery": 6,
    "icon": 6,
    "galleryTemplate": 6,
    "star": 1,
    "fluidGrid": 3,
    "dataCard": 17,
    "PowerApps_CoreControls_ComboboxCanvas": 5,
    "PowerApps_CoreControls_TextInputCanvas": 3,
    "PowerApps_CoreControls_CheckboxCanvas": 3,
    "PowerApps_CoreControls_ButtonCanvas": 3,
    "checkbox": 6,
    "slider": 1,
    "PowerApps_CoreControls_TextCanvas": 1,
    "PowerApps_CoreControls_Toggle": 1,
    "PowerApps_CoreControls_RadioGroupCanvas": 1,
    "PowerApps_CoreControls_DatePickerCanvas": 1,
    "PowerApps_CoreControls_NumberInput": 1,
    "PowerApps_CoreControls_Slider": 1,
    "htmlViewer": 10
  },
  "DeserializationLoadTime": 4.1113054,
  "AnalysisLoadTime": 3.3977001
}