{
  "Resources": [
    {
      "Name": "SampleImage",
      "Schema": "i",
      "IsSampleData": true,
      "IsWritable": false,
      "Type": "ResourceInfo",
      "FileName": "/ctrllib/image/images/SampleImage.svg",
      "Path": "/ctrllib/image/images/SampleImage.svg",
      "Content": "Image",
      "ResourceKind": "Uri",
      "RootPath": "ms-appx:///ctrllib/image/images/SampleImage.svg"
    },
    {
      "Name": "VA Seal Rev",
      "Schema": "i",
      "IsSampleData": false,
      "IsWritable": false,
      "Type": "ResourceInfo",
      "FileName": "33c65863-61f9-4034-850b-d49f3ec93dd0.png",
      "Path": "Assets\\Images\\33c65863-61f9-4034-850b-d49f3ec93dd0.png",
      "Content": "Image",
      "ResourceKind": "LocalFile",
      "RootPath": "https://dsgovil101ugtx.blob.core.usgovcloudapi.net/c5133f3e-d555-442c-9364-773ad8301e48-1/resource/MzNjNjU4NjMtNjFmOS00MDM0LTg1MGItZDQ5ZjNlYzkzZGQw.png?skoid=bbd92e1b-73d8-4b7a-8e91-5ae631955a06&sktid=cab8a31a-1906-4287-a0d8-4eef66b95f6e&skt=2025-08-29T16%3A40%3A47Z&ske=2025-08-30T16%3A55%3A47Z&sks=b&skv=2023-01-03&sv=2023-01-03&spr=https&se=2025-08-30T16%3A55%3A47Z&sr=b&sp=r&sig=mbqLx5aDtbO8PFTlUqAkD9HFVMgH9opmfA32Lc%2BmbZY%3D"
    },
    {
      "Name": "VA GPT Helper Logo",
      "Schema": "i",
      "IsSampleData": false,
      "IsWritable": false,
      "Type": "ResourceInfo",
      "FileName": "577dc746-3bc0-4f73-b5a0-32b5718ad074.png",
      "Path": "Assets\\Images\\577dc746-3bc0-4f73-b5a0-32b5718ad074.png",
      "Content": "Image",
      "ResourceKind": "LocalFile",
      "RootPath": "https://dsgovil101ugtx.blob.core.usgovcloudapi.net/c5133f3e-d555-442c-9364-773ad8301e48-1/resource/NTc3ZGM3NDYtM2JjMC00ZjczLWI1YTAtMzJiNTcxOGFkMDc0.png?skoid=bbd92e1b-73d8-4b7a-8e91-5ae631955a06&sktid=cab8a31a-1906-4287-a0d8-4eef66b95f6e&skt=2025-08-29T16%3A40%3A47Z&ske=2025-08-30T16%3A55%3A47Z&sks=b&skv=2023-01-03&sv=2023-01-03&spr=https&se=2025-08-30T16%3A55%3A47Z&sr=b&sp=r&sig=hUwCRLAhbaFecQfxtriu10LGyLVTXioUbqdbHSPKeec%3D"
    },
    {
      "Name": "VA GPT Helper Logo v1.2",
      "Schema": "i",
      "IsSampleData": false,
      "IsWritable": false,
      "Type": "ResourceInfo",
      "FileName": "96fb0185-0725-4527-96dc-931333ff0a5f.png",
      "Path": "Assets\\Images\\96fb0185-0725-4527-96dc-931333ff0a5f.png",
      "Content": "Image",
      "ResourceKind": "LocalFile",
      "RootPath": "https://dsgovil101ugtx.blob.core.usgovcloudapi.net/c5133f3e-d555-442c-9364-773ad8301e48-1/resource/OTZmYjAxODUtMDcyNS00NTI3LTk2ZGMtOTMxMzMzZmYwYTVm.png?skoid=bbd92e1b-73d8-4b7a-8e91-5ae631955a06&sktid=cab8a31a-1906-4287-a0d8-4eef66b95f6e&skt=2025-08-29T16%3A40%3A47Z&ske=2025-08-30T16%3A55%3A47Z&sks=b&skv=2023-01-03&sv=2023-01-03&spr=https&se=2025-08-30T16%3A55%3A47Z&sr=b&sp=r&sig=PRQELLPJJH5a9ZUSCi6WZg9YGtzCBCh5xgzFWBYMmKE%3D"
    },
    {
      "Name": "AI Warning Notice",
      "Schema": "i",
      "IsSampleData": false,
      "IsWritable": false,
      "Type": "ResourceInfo",
      "FileName": "b2d5e3c8-18db-4825-87dc-cda27c7e87d0.png",
      "Path": "Assets\\Images\\b2d5e3c8-18db-4825-87dc-cda27c7e87d0.png",
      "Content": "Image",
      "ResourceKind": "LocalFile",
      "RootPath": "https://dsgovil101ugtx.blob.core.usgovcloudapi.net/c5133f3e-d555-442c-9364-773ad8301e48-1/resource/YjJkNWUzYzgtMThkYi00ODI1LTg3ZGMtY2RhMjdjN2U4N2Qw.png?skoid=bbd92e1b-73d8-4b7a-8e91-5ae631955a06&sktid=cab8a31a-1906-4287-a0d8-4eef66b95f6e&skt=2025-08-29T16%3A40%3A47Z&ske=2025-08-30T16%3A55%3A47Z&sks=b&skv=2023-01-03&sv=2023-01-03&spr=https&se=2025-08-30T16%3A55%3A47Z&sr=b&sp=r&sig=VvcDVWT8F4Yy9bPrJMVGA%2FBgIFxjonmtrdFXf%2B0Ml%2Fs%3D"
    },
    {
      "Name": "AI Warning Notice v1.2",
      "Schema": "i",
      "IsSampleData": false,
      "IsWritable": false,
      "Type": "ResourceInfo",
      "FileName": "545c0fc2-7dbb-45dc-89fc-dbee827dbedc.png",
      "Path": "Assets\\Images\\545c0fc2-7dbb-45dc-89fc-dbee827dbedc.png",
      "Content": "Image",
      "ResourceKind": "LocalFile",
      "RootPath": "https://dsgovil101ugtx.blob.core.usgovcloudapi.net/c5133f3e-d555-442c-9364-773ad8301e48-1/resource/NTQ1YzBmYzItN2RiYi00NWRjLTg5ZmMtZGJlZTgyN2RiZWRj.png?skoid=bbd92e1b-73d8-4b7a-8e91-5ae631955a06&sktid=cab8a31a-1906-4287-a0d8-4eef66b95f6e&skt=2025-08-29T16%3A40%3A47Z&ske=2025-08-30T16%3A55%3A47Z&sks=b&skv=2023-01-03&sv=2023-01-03&spr=https&se=2025-08-30T16%3A55%3A47Z&sr=b&sp=r&sig=1xOuv05znR7KFyZscCwuMXELxA1lkG4e%2B%2F8vK%2FKiOSE%3D"
    },
    {
      "Name": "VA Seal",
      "Schema": "i",
      "IsSampleData": false,
      "IsWritable": false,
      "Type": "ResourceInfo",
      "FileName": "c106f037-78ed-4f96-91b6-1b1df08b0c61.png",
      "Path": "Assets\\Images\\c106f037-78ed-4f96-91b6-1b1df08b0c61.png",
      "Content": "Image",
      "ResourceKind": "LocalFile",
      "RootPath": "https://dsgovil101ugtx.blob.core.usgovcloudapi.net/c5133f3e-d555-442c-9364-773ad8301e48-1/resource/YzEwNmYwMzctNzhlZC00Zjk2LTkxYjYtMWIxZGYwOGIwYzYx.png?skoid=bbd92e1b-73d8-4b7a-8e91-5ae631955a06&sktid=cab8a31a-1906-4287-a0d8-4eef66b95f6e&skt=2025-08-29T16%3A40%3A47Z&ske=2025-08-30T16%3A55%3A47Z&sks=b&skv=2023-01-03&sv=2023-01-03&spr=https&se=2025-08-30T16%3A55%3A47Z&sr=b&sp=r&sig=6DA5oq0sNeAwmJ8%2Fg1O%2Bz20lrBBJ%2BaVBG7Bi2JCpteM%3D"
    },
    {
      "Name": "VA Seal v1.1",
      "Schema": "i",
      "IsSampleData": false,
      "IsWritable": false,
      "Type": "ResourceInfo",
      "FileName": "921d19ec-4538-44b1-821d-93e2bdce91c2.png",
      "Path": "Assets\\Images\\921d19ec-4538-44b1-821d-93e2bdce91c2.png",
      "Content": "Image",
      "ResourceKind": "LocalFile",
      "RootPath": "https://dsgovil101ugtx.blob.core.usgovcloudapi.net/c5133f3e-d555-442c-9364-773ad8301e48-1/resource/OTIxZDE5ZWMtNDUzOC00NGIxLTgyMWQtOTNlMmJkY2U5MWMy.png?skoid=bbd92e1b-73d8-4b7a-8e91-5ae631955a06&sktid=cab8a31a-1906-4287-a0d8-4eef66b95f6e&skt=2025-08-29T16%3A40%3A47Z&ske=2025-08-30T16%3A55%3A47Z&sks=b&skv=2023-01-03&sv=2023-01-03&spr=https&se=2025-08-30T16%3A55%3A47Z&sr=b&sp=r&sig=5Jk2%2BilpUqjpiewFK9PB2HhGFqvnLHRwnIrl%2Fmr4kUE%3D"
    },
    {
      "Name": "VHA Button",
      "Schema": "i",
      "IsSampleData": false,
      "IsWritable": false,
      "Type": "ResourceInfo",
      "FileName": "4b7bef94-9190-437c-a70e-a3ffea490d0e.png",
      "Path": "Assets\\Images\\4b7bef94-9190-437c-a70e-a3ffea490d0e.png",
      "Content": "Image",
      "ResourceKind": "LocalFile",
      "RootPath": "https://dsgovil101ugtx.blob.core.usgovcloudapi.net/c5133f3e-d555-442c-9364-773ad8301e48-1/resource/NGI3YmVmOTQtOTE5MC00MzdjLWE3MGUtYTNmZmVhNDkwZDBl.png?skoid=bbd92e1b-73d8-4b7a-8e91-5ae631955a06&sktid=cab8a31a-1906-4287-a0d8-4eef66b95f6e&skt=2025-08-29T16%3A40%3A47Z&ske=2025-08-30T16%3A55%3A47Z&sks=b&skv=2023-01-03&sv=2023-01-03&spr=https&se=2025-08-30T16%3A55%3A47Z&sr=b&sp=r&sig=aqLNZrVimRTTZoH%2FffU%2FTs7FCty5wNwlWYyeTcdXVuE%3D"
    },
    {
      "Name": "VBA Button",
      "Schema": "i",
      "IsSampleData": false,
      "IsWritable": false,
      "Type": "ResourceInfo",
      "FileName": "45635949-bffc-4b16-91d7-4a6a2f0d1be2.png",
      "Path": "Assets\\Images\\45635949-bffc-4b16-91d7-4a6a2f0d1be2.png",
      "Content": "Image",
      "ResourceKind": "LocalFile",
      "RootPath": "https://dsgovil101ugtx.blob.core.usgovcloudapi.net/c5133f3e-d555-442c-9364-773ad8301e48-1/resource/NDU2MzU5NDktYmZmYy00YjE2LTkxZDctNGE2YTJmMGQxYmUy.png?skoid=bbd92e1b-73d8-4b7a-8e91-5ae631955a06&sktid=cab8a31a-1906-4287-a0d8-4eef66b95f6e&skt=2025-08-29T16%3A40%3A47Z&ske=2025-08-30T16%3A55%3A47Z&sks=b&skv=2023-01-03&sv=2023-01-03&spr=https&se=2025-08-30T16%3A55%3A47Z&sr=b&sp=r&sig=Q8WlhHszGrrxNpbHBKj7zSVbMr%2FH4QAYNUleHq3FGUU%3D"
    },
    {
      "Name": "NCA Button",
      "Schema": "i",
      "IsSampleData": false,
      "IsWritable": false,
      "Type": "ResourceInfo",
      "FileName": "326a4f87-c449-4b6b-b823-4cfe978f4857.png",
      "Path": "Assets\\Images\\326a4f87-c449-4b6b-b823-4cfe978f4857.png",
      "Content": "Image",
      "ResourceKind": "LocalFile",
      "RootPath": "https://dsgovil101ugtx.blob.core.usgovcloudapi.net/c5133f3e-d555-442c-9364-773ad8301e48-1/resource/MzI2YTRmODctYzQ0OS00YjZiLWI4MjMtNGNmZTk3OGY0ODU3.png?skoid=bbd92e1b-73d8-4b7a-8e91-5ae631955a06&sktid=cab8a31a-1906-4287-a0d8-4eef66b95f6e&skt=2025-08-29T16%3A40%3A47Z&ske=2025-08-30T16%3A55%3A47Z&sks=b&skv=2023-01-03&sv=2023-01-03&spr=https&se=2025-08-30T16%3A55%3A47Z&sr=b&sp=r&sig=UD2JdfNSc4CYfsgwBZVI1ZgeCMEG20OEMkuaQRPP8Vo%3D"
    },
    {
      "Name": "Medical Category",
      "Schema": "i",
      "IsSampleData": false,
      "IsWritable": false,
      "Type": "ResourceInfo",
      "FileName": "f845a908-3345-460a-bdf4-b8396507771d.png",
      "Path": "Assets\\Images\\f845a908-3345-460a-bdf4-b8396507771d.png",
      "Content": "Image",
      "ResourceKind": "LocalFile",
      "RootPath": "https://dsgovil101ugtx.blob.core.usgovcloudapi.net/c5133f3e-d555-442c-9364-773ad8301e48-1/resource/Zjg0NWE5MDgtMzM0NS00NjBhLWJkZjQtYjgzOTY1MDc3NzFk.png?skoid=bbd92e1b-73d8-4b7a-8e91-5ae631955a06&sktid=cab8a31a-1906-4287-a0d8-4eef66b95f6e&skt=2025-08-29T16%3A40%3A47Z&ske=2025-08-30T16%3A55%3A47Z&sks=b&skv=2023-01-03&sv=2023-01-03&spr=https&se=2025-08-30T16%3A55%3A47Z&sr=b&sp=r&sig=rSbQWNEDpb5UfZuZR57VftthxeOSj%2FA6Qu1S6jH%2B2NM%3D"
    },
    {
      "Name": "Service Recovery Category",
      "Schema": "i",
      "IsSampleData": false,
      "IsWritable": false,
      "Type": "ResourceInfo",
      "FileName": "e3832a17-29cb-43aa-a625-08223d819c6e.png",
      "Path": "Assets\\Images\\e3832a17-29cb-43aa-a625-08223d819c6e.png",
      "Content": "Image",
      "ResourceKind": "LocalFile",
      "RootPath": "https://dsgovil101ugtx.blob.core.usgovcloudapi.net/c5133f3e-d555-442c-9364-773ad8301e48-1/resource/ZTM4MzJhMTctMjljYi00M2FhLWE2MjUtMDgyMjNkODE5YzZl.png?skoid=bbd92e1b-73d8-4b7a-8e91-5ae631955a06&sktid=cab8a31a-1906-4287-a0d8-4eef66b95f6e&skt=2025-08-29T16%3A40%3A47Z&ske=2025-08-30T16%3A55%3A47Z&sks=b&skv=2023-01-03&sv=2023-01-03&spr=https&se=2025-08-30T16%3A55%3A47Z&sr=b&sp=r&sig=iPaTlSaB4lvZD4mr7zNxxq0ueQQxKiD2BtOQER7qDhg%3D"
    },
    {
      "Name": "Management Category",
      "Schema": "i",
      "IsSampleData": false,
      "IsWritable": false,
      "Type": "ResourceInfo",
      "FileName": "0713639e-f115-4161-a224-b9d558931936.png",
      "Path": "Assets\\Images\\0713639e-f115-4161-a224-b9d558931936.png",
      "Content": "Image",
      "ResourceKind": "LocalFile",
      "RootPath": "https://dsgovil101ugtx.blob.core.usgovcloudapi.net/c5133f3e-d555-442c-9364-773ad8301e48-1/resource/MDcxMzYzOWUtZjExNS00MTYxLWEyMjQtYjlkNTU4OTMxOTM2.png?skoid=bbd92e1b-73d8-4b7a-8e91-5ae631955a06&sktid=cab8a31a-1906-4287-a0d8-4eef66b95f6e&skt=2025-08-29T16%3A40%3A47Z&ske=2025-08-30T16%3A55%3A47Z&sks=b&skv=2023-01-03&sv=2023-01-03&spr=https&se=2025-08-30T16%3A55%3A47Z&sr=b&sp=r&sig=yEfaRmonvlGZ%2FkYl6RKjUCJUzxem9xSkJWrPfEbopok%3D"
    },
    {
      "Name": "Administrative Category",
      "Schema": "i",
      "IsSampleData": false,
      "IsWritable": false,
      "Type": "ResourceInfo",
      "FileName": "231bb7ce-c853-4264-9525-95b8cd5a3170.png",
      "Path": "Assets\\Images\\231bb7ce-c853-4264-9525-95b8cd5a3170.png",
      "Content": "Image",
      "ResourceKind": "LocalFile",
      "RootPath": "https://dsgovil101ugtx.blob.core.usgovcloudapi.net/c5133f3e-d555-442c-9364-773ad8301e48-1/resource/MjMxYmI3Y2UtYzg1My00MjY0LTk1MjUtOTViOGNkNWEzMTcw.png?skoid=bbd92e1b-73d8-4b7a-8e91-5ae631955a06&sktid=cab8a31a-1906-4287-a0d8-4eef66b95f6e&skt=2025-08-29T16%3A40%3A47Z&ske=2025-08-30T16%3A55%3A47Z&sks=b&skv=2023-01-03&sv=2023-01-03&spr=https&se=2025-08-30T16%3A55%3A47Z&sr=b&sp=r&sig=z5e%2Fxgu3qEZWDwIYx7DntqbaXP6TvjVY3wgIOfXvus0%3D"
    },
    {
      "Name": "Education Category",
      "Schema": "i",
      "IsSampleData": false,
      "IsWritable": false,
      "Type": "ResourceInfo",
      "FileName": "4d6644db-33ed-490c-9ff2-112fa0b9bb65.png",
      "Path": "Assets\\Images\\4d6644db-33ed-490c-9ff2-112fa0b9bb65.png",
      "Content": "Image",
      "ResourceKind": "LocalFile",
      "RootPath": "https://dsgovil101ugtx.blob.core.usgovcloudapi.net/c5133f3e-d555-442c-9364-773ad8301e48-1/resource/NGQ2NjQ0ZGItMzNlZC00OTBjLTlmZjItMTEyZmEwYjliYjY1.png?skoid=bbd92e1b-73d8-4b7a-8e91-5ae631955a06&sktid=cab8a31a-1906-4287-a0d8-4eef66b95f6e&skt=2025-08-29T16%3A40%3A47Z&ske=2025-08-30T16%3A55%3A47Z&sks=b&skv=2023-01-03&sv=2023-01-03&spr=https&se=2025-08-30T16%3A55%3A47Z&sr=b&sp=r&sig=79jEozE4YMbf6XmRZaopZzAJNMD7uykUAllFADOo8cc%3D"
    },
    {
      "Name": "IT Category",
      "Schema": "i",
      "IsSampleData": false,
      "IsWritable": false,
      "Type": "ResourceInfo",
      "FileName": "7d8ec858-9c0d-43a0-866c-a91cd76cb781.png",
      "Path": "Assets\\Images\\7d8ec858-9c0d-43a0-866c-a91cd76cb781.png",
      "Content": "Image",
      "ResourceKind": "LocalFile",
      "RootPath": "https://dsgovil101ugtx.blob.core.usgovcloudapi.net/c5133f3e-d555-442c-9364-773ad8301e48-1/resource/N2Q4ZWM4NTgtOWMwZC00M2EwLTg2NmMtYTkxY2Q3NmNiNzgx.png?skoid=bbd92e1b-73d8-4b7a-8e91-5ae631955a06&sktid=cab8a31a-1906-4287-a0d8-4eef66b95f6e&skt=2025-08-29T16%3A40%3A47Z&ske=2025-08-30T16%3A55%3A47Z&sks=b&skv=2023-01-03&sv=2023-01-03&spr=https&se=2025-08-30T16%3A55%3A47Z&sr=b&sp=r&sig=WHhyNhkBgLg%2BtMTii5HCiNdDYz74cT0%2BMvuygKc4arQ%3D"
    },
    {
      "Name": "Public Affairs Category",
      "Schema": "i",
      "IsSampleData": false,
      "IsWritable": false,
      "Type": "ResourceInfo",
      "FileName": "6f8ae976-b1e5-43ae-a253-cf4ed3291afa.png",
      "Path": "Assets\\Images\\6f8ae976-b1e5-43ae-a253-cf4ed3291afa.png",
      "Content": "Image",
      "ResourceKind": "LocalFile",
      "RootPath": "https://dsgovil101ugtx.blob.core.usgovcloudapi.net/c5133f3e-d555-442c-9364-773ad8301e48-1/resource/NmY4YWU5NzYtYjFlNS00M2FlLWEyNTMtY2Y0ZWQzMjkxYWZh.png?skoid=bbd92e1b-73d8-4b7a-8e91-5ae631955a06&sktid=cab8a31a-1906-4287-a0d8-4eef66b95f6e&skt=2025-08-29T16%3A40%3A47Z&ske=2025-08-30T16%3A55%3A47Z&sks=b&skv=2023-01-03&sv=2023-01-03&spr=https&se=2025-08-30T16%3A55%3A47Z&sr=b&sp=r&sig=JcWTLjnOx1qeQWfjd%2FJRYubJyRHjnJ24gcYUYY445lA%3D"
    },
    {
      "Name": "QPS Category",
      "Schema": "i",
      "IsSampleData": false,
      "IsWritable": false,
      "Type": "ResourceInfo",
      "FileName": "f8d8fa06-a264-46de-9d85-11e2b96ff976.png",
      "Path": "Assets\\Images\\f8d8fa06-a264-46de-9d85-11e2b96ff976.png",
      "Content": "Image",
      "ResourceKind": "LocalFile",
      "RootPath": "https://dsgovil101ugtx.blob.core.usgovcloudapi.net/c5133f3e-d555-442c-9364-773ad8301e48-1/resource/ZjhkOGZhMDYtYTI2NC00NmRlLTlkODUtMTFlMmI5NmZmOTc2.png?skoid=bbd92e1b-73d8-4b7a-8e91-5ae631955a06&sktid=cab8a31a-1906-4287-a0d8-4eef66b95f6e&skt=2025-08-29T16%3A40%3A47Z&ske=2025-08-30T16%3A55%3A47Z&sks=b&skv=2023-01-03&sv=2023-01-03&spr=https&se=2025-08-30T16%3A55%3A47Z&sr=b&sp=r&sig=qMKuz2txjq4wpiqYEFD6QrRSb%2FYneA0okRj3NJe9DSQ%3D"
    },
    {
      "Name": "Human Resources Button",
      "Schema": "i",
      "IsSampleData": false,
      "IsWritable": false,
      "Type": "ResourceInfo",
      "FileName": "42e8b9ac-ab09-4639-84d1-ebe81efd4b12.png",
      "Path": "Assets\\Images\\42e8b9ac-ab09-4639-84d1-ebe81efd4b12.png",
      "Content": "Image",
      "ResourceKind": "LocalFile",
      "RootPath": "https://dsgovil101ugtx.blob.core.usgovcloudapi.net/c5133f3e-d555-442c-9364-773ad8301e48-1/resource/NDJlOGI5YWMtYWIwOS00NjM5LTg0ZDEtZWJlODFlZmQ0YjEy.png?skoid=bbd92e1b-73d8-4b7a-8e91-5ae631955a06&sktid=cab8a31a-1906-4287-a0d8-4eef66b95f6e&skt=2025-08-29T16%3A40%3A47Z&ske=2025-08-30T16%3A55%3A47Z&sks=b&skv=2023-01-03&sv=2023-01-03&spr=https&se=2025-08-30T16%3A55%3A47Z&sr=b&sp=r&sig=hUaolSAs0EHAzmpsoZ8LOEiiTeo%2Bct978KgQtb1dNLw%3D"
    },
    {
      "Name": "Finance Category",
      "Schema": "i",
      "IsSampleData": false,
      "IsWritable": false,
      "Type": "ResourceInfo",
      "FileName": "6553c04e-597d-4e7f-af7a-3987ba22cde2.png",
      "Path": "Assets\\Images\\6553c04e-597d-4e7f-af7a-3987ba22cde2.png",
      "Content": "Image",
      "ResourceKind": "LocalFile",
      "RootPath": "https://dsgovil101ugtx.blob.core.usgovcloudapi.net/c5133f3e-d555-442c-9364-773ad8301e48-1/resource/NjU1M2MwNGUtNTk3ZC00ZTdmLWFmN2EtMzk4N2JhMjJjZGUy.png?skoid=bbd92e1b-73d8-4b7a-8e91-5ae631955a06&sktid=cab8a31a-1906-4287-a0d8-4eef66b95f6e&skt=2025-08-29T16%3A40%3A47Z&ske=2025-08-30T16%3A55%3A47Z&sks=b&skv=2023-01-03&sv=2023-01-03&spr=https&se=2025-08-30T16%3A55%3A47Z&sr=b&sp=r&sig=dzkVCzsBRsqk5zRbLjaYEPWWbm%2FYhAmiZg5ODJMDO%2F8%3D"
    },
    {
      "Name": "Finance Category v1.2",
      "Schema": "i",
      "IsSampleData": false,
      "IsWritable": false,
      "Type": "ResourceInfo",
      "FileName": "a9fb94c1-a6ca-4100-b978-4293a00f5ab2.png",
      "Path": "Assets\\Images\\a9fb94c1-a6ca-4100-b978-4293a00f5ab2.png",
      "Content": "Image",
      "ResourceKind": "LocalFile",
      "RootPath": "https://dsgovil101ugtx.blob.core.usgovcloudapi.net/c5133f3e-d555-442c-9364-773ad8301e48-1/resource/YTlmYjk0YzEtYTZjYS00MTAwLWI5NzgtNDI5M2EwMGY1YWIy.png?skoid=bbd92e1b-73d8-4b7a-8e91-5ae631955a06&sktid=cab8a31a-1906-4287-a0d8-4eef66b95f6e&skt=2025-08-29T16%3A40%3A47Z&ske=2025-08-30T16%3A55%3A47Z&sks=b&skv=2023-01-03&sv=2023-01-03&spr=https&se=2025-08-30T16%3A55%3A47Z&sr=b&sp=r&sig=%2BNta3WHQ1VD%2F1AB5Z1SET53vvkgUZZCgwTk3fafrihI%3D"
    },
    {
      "Name": "Seal_of_the_U.S._Department_of_Veterans_Affairs",
      "Schema": "i",
      "IsSampleData": false,
      "IsWritable": false,
      "Type": "ResourceInfo",
      "FileName": "4180fe80-084c-45f3-8343-eed2b5b7952d.svg",
      "Path": "Assets\\Images\\4180fe80-084c-45f3-8343-eed2b5b7952d.svg",
      "Content": "Image",
      "ResourceKind": "LocalFile",
      "RootPath": "https://dsgovil101ugtx.blob.core.usgovcloudapi.net/c5133f3e-d555-442c-9364-773ad8301e48-1/resource/NDE4MGZlODAtMDg0Yy00NWYzLTgzNDMtZWVkMmI1Yjc5NTJk.svg?skoid=bbd92e1b-73d8-4b7a-8e91-5ae631955a06&sktid=cab8a31a-1906-4287-a0d8-4eef66b95f6e&skt=2025-08-29T16%3A40%3A47Z&ske=2025-08-30T16%3A55%3A47Z&sks=b&skv=2023-01-03&sv=2023-01-03&spr=https&se=2025-08-30T16%3A55%3A47Z&sr=b&sp=r&sig=yqm9d7mgxwL5%2FqdH9QbryOP6QYFScyM7P08%2Bp64kqyY%3D"
    },
    {
      "Name": "VA AI Assistant v1.0",
      "Schema": "i",
      "IsSampleData": false,
      "IsWritable": false,
      "Type": "ResourceInfo",
      "FileName": "f5653640-7b38-4c87-9b33-6befe2fe9b0d.png",
      "Path": "Assets\\Images\\f5653640-7b38-4c87-9b33-6befe2fe9b0d.png",
      "Content": "Image",
      "ResourceKind": "LocalFile",
      "RootPath": "https://dsgovil101ugtx.blob.core.usgovcloudapi.net/c5133f3e-d555-442c-9364-773ad8301e48-1/resource/ZjU2NTM2NDAtN2IzOC00Yzg3LTliMzMtNmJlZmUyZmU5YjBk.png?skoid=bbd92e1b-73d8-4b7a-8e91-5ae631955a06&sktid=cab8a31a-1906-4287-a0d8-4eef66b95f6e&skt=2025-08-29T16%3A40%3A47Z&ske=2025-08-30T16%3A55%3A47Z&sks=b&skv=2023-01-03&sv=2023-01-03&spr=https&se=2025-08-30T16%3A55%3A47Z&sr=b&sp=r&sig=HSSs4Xjn4WFwwmXEJIr0Q2rc8rBWyz9HVCDFcvEwKLI%3D"
    },
    {
      "Name": "VA Seal Rev2",
      "Schema": "i",
      "IsSampleData": false,
      "IsWritable": false,
      "Type": "ResourceInfo",
      "FileName": "88c32cee-0fa5-4eab-bab6-fac29320f9cb.png",
      "Path": "Assets\\Images\\88c32cee-0fa5-4eab-bab6-fac29320f9cb.png",
      "Content": "Image",
      "ResourceKind": "LocalFile",
      "RootPath": "https://dsgovil101ugtx.blob.core.usgovcloudapi.net/c5133f3e-d555-442c-9364-773ad8301e48-1/resource/ODhjMzJjZWUtMGZhNS00ZWFiLWJhYjYtZmFjMjkzMjBmOWNi.png?skoid=bbd92e1b-73d8-4b7a-8e91-5ae631955a06&sktid=cab8a31a-1906-4287-a0d8-4eef66b95f6e&skt=2025-08-29T16%3A40%3A47Z&ske=2025-08-30T16%3A55%3A47Z&sks=b&skv=2023-01-03&sv=2023-01-03&spr=https&se=2025-08-30T16%3A55%3A47Z&sr=b&sp=r&sig=ouYneBTS778milR6jQtEuSuNPHq0GEysbbCghuMStDM%3D"
    },
    {
      "Name": "VA AI Assistant v1.3",
      "Schema": "i",
      "IsSampleData": false,
      "IsWritable": false,
      "Type": "ResourceInfo",
      "FileName": "b6f3a953-47b5-4f2c-b668-18e95de0ec47.png",
      "Path": "Assets\\Images\\b6f3a953-47b5-4f2c-b668-18e95de0ec47.png",
      "Content": "Image",
      "ResourceKind": "LocalFile",
      "RootPath": "https://dsgovil101ugtx.blob.core.usgovcloudapi.net/c5133f3e-d555-442c-9364-773ad8301e48-1/resource/YjZmM2E5NTMtNDdiNS00ZjJjLWI2NjgtMThlOTVkZTBlYzQ3.png?skoid=bbd92e1b-73d8-4b7a-8e91-5ae631955a06&sktid=cab8a31a-1906-4287-a0d8-4eef66b95f6e&skt=2025-08-29T16%3A40%3A47Z&ske=2025-08-30T16%3A55%3A47Z&sks=b&skv=2023-01-03&sv=2023-01-03&spr=https&se=2025-08-30T16%3A55%3A47Z&sr=b&sp=r&sig=bQieXnW6X74Y7PNWc07H%2Bxq4vdv44Y%2BIypCmwPObVJ8%3D"
    }
  ]
}